Timestamp,Sensor ID,Vehicle Count,Average Speed (km/h),Density (%)
2026-08-07 19:57:00,SENS-1000,280,29,93
2026-08-07 20:12:00,SENS-1000,119,54,39
2026-08-07 20:27:00,SENS-1000,93,70,31
2026-08-07 20:42:00,SENS-1000,93,47,31
2026-08-07 20:57:00,SENS-1000,107,67,35
2026-08-07 21:12:00,SENS-1000,133,63,44
2026-08-07 21:27:00,SENS-1000,68,59,22
2026-08-07 21:42:00,SENS-1000,84,73,28
2026-08-07 21:57:00,SENS-1000,65,66,21
2026-08-07 22:12:00,SENS-1000,76,52,25
2026-08-07 22:27:00,SENS-1000,172,42,57
2026-08-07 22:42:00,SENS-1000,100,70,33
2026-08-07 22:57:00,SENS-1000,79,67,26
2026-08-07 23:12:00,SENS-1000,47,61,15
2026-08-07 23:27:00,SENS-1000,20,90,6
2026-08-07 23:42:00,SENS-1000,10,80,3
2026-08-07 23:57:00,SENS-1000,12,67,4
2026-08-08 00:12:00,SENS-1000,23,57,7
2026-08-08 00:27:00,SENS-1000,23,83,7
2026-08-08 00:42:00,SENS-1000,25,70,8
2026-08-08 00:57:00,SENS-1000,22,74,7
2026-08-08 01:12:00,SENS-1000,25,56,8
2026-08-08 01:27:00,SENS-1000,52,74,17
2026-08-08 01:42:00,SENS-1000,17,73,5
2026-08-08 01:57:00,SENS-1000,31,71,10
2026-08-08 02:12:00,SENS-1000,14,91,4
2026-08-08 02:27:00,SENS-1000,33,81,11
2026-08-08 02:42:00,SENS-1000,47,66,15
2026-08-08 02:57:00,SENS-1000,28,86,9
2026-08-08 03:12:00,SENS-1000,25,64,8
2026-08-08 03:27:00,SENS-1000,42,101,14
2026-08-08 03:42:00,SENS-1000,30,63,10
2026-08-08 03:57:00,SENS-1000,24,49,8
2026-08-08 04:12:00,SENS-1000,30,92,10
2026-08-08 04:27:00,SENS-1000,11,63,3
2026-08-08 04:42:00,SENS-1000,41,77,13
2026-08-08 04:57:00,SENS-1000,24,91,8
2026-08-08 05:12:00,SENS-1000,8,67,2
2026-08-08 05:27:00,SENS-1000,13,70,4
2026-08-08 05:42:00,SENS-1000,48,73,16
2026-08-08 05:57:00,SENS-1000,34,66,11
2026-08-08 06:12:00,SENS-1000,83,41,27
2026-08-08 06:27:00,SENS-1000,68,73,22
2026-08-08 06:42:00,SENS-1000,144,40,48
2026-08-08 06:57:00,SENS-1000,87,75,28
2026-08-08 07:12:00,SENS-1000,294,13,100
2026-08-08 07:27:00,SENS-1000,394,37,100
2026-08-08 07:42:00,SENS-1000,230,32,76
2026-08-08 07:57:00,SENS-1000,261,21,87
2026-08-08 08:12:00,SENS-1000,277,20,92
2026-08-08 08:27:00,SENS-1000,212,20,70
2026-08-08 08:42:00,SENS-1000,177,31,59
2026-08-08 08:57:00,SENS-1000,226,35,75
2026-08-08 09:12:00,SENS-1000,164,13,74
2026-08-08 09:27:00,SENS-1000,315,13,100
2026-08-08 09:42:00,SENS-1000,137,12,65
2026-08-08 09:57:00,SENS-1000,315,33,100
2026-08-08 10:12:00,SENS-1000,116,80,38
2026-08-08 10:27:00,SENS-1000,135,63,45
2026-08-08 10:42:00,SENS-1000,82,58,27
2026-08-08 10:57:00,SENS-1000,139,61,46
2026-08-08 11:12:00,SENS-1000,61,58,20
2026-08-08 11:27:00,SENS-1000,46,76,15
2026-08-08 11:42:00,SENS-1000,113,77,37
2026-08-08 11:57:00,SENS-1000,108,46,36
2026-08-08 12:12:00,SENS-1000,84,70,28
2026-08-08 12:27:00,SENS-1000,171,63,56
2026-08-08 12:42:00,SENS-1000,102,61,34
2026-08-08 12:57:00,SENS-1000,86,59,28
2026-08-08 13:12:00,SENS-1000,94,75,31
2026-08-08 13:27:00,SENS-1000,113,37,37
2026-08-08 13:42:00,SENS-1000,107,48,35
2026-08-08 13:57:00,SENS-1000,75,71,25
2026-08-08 14:12:00,SENS-1000,68,46,22
2026-08-08 14:27:00,SENS-1000,107,44,35
2026-08-08 14:42:00,SENS-1000,142,57,47
2026-08-08 14:57:00,SENS-1000,72,57,24
2026-08-08 15:12:00,SENS-1000,115,60,38
2026-08-08 15:27:00,SENS-1000,76,49,25
2026-08-08 15:42:00,SENS-1000,129,42,43
2026-08-08 15:57:00,SENS-1000,93,46,31
2026-08-08 16:12:00,SENS-1000,268,13,100
2026-08-08 16:27:00,SENS-1000,384,18,100
2026-08-08 16:42:00,SENS-1000,204,27,68
2026-08-08 16:57:00,SENS-1000,204,29,68
2026-08-08 17:12:00,SENS-1000,158,26,52
2026-08-08 17:27:00,SENS-1000,249,10,100
2026-08-08 17:42:00,SENS-1000,328,26,100
2026-08-08 17:57:00,SENS-1000,230,31,76
2026-08-08 18:12:00,SENS-1000,278,30,92
2026-08-08 18:27:00,SENS-1000,194,13,84
2026-08-08 18:42:00,SENS-1000,163,26,54
2026-08-08 18:57:00,SENS-1000,182,36,60
2026-08-08 19:12:00,SENS-1000,210,20,70
2026-08-08 19:27:00,SENS-1000,261,34,87
2026-08-08 19:42:00,SENS-1000,218,9,92
2026-08-08 19:57:00,SENS-1000,255,21,85
2026-08-08 20:12:00,SENS-1000,120,64,40
2026-08-08 20:27:00,SENS-1000,90,41,30
2026-08-08 20:42:00,SENS-1000,166,67,55
2026-08-08 20:57:00,SENS-1000,59,44,19
2026-08-08 21:12:00,SENS-1000,86,69,28
2026-08-08 21:27:00,SENS-1000,62,80,20
2026-08-08 21:42:00,SENS-1000,85,51,28
2026-08-08 21:57:00,SENS-1000,69,53,23
2026-08-08 22:12:00,SENS-1000,71,39,23
2026-08-08 22:27:00,SENS-1000,103,54,34
2026-08-08 22:42:00,SENS-1000,126,48,42
2026-08-08 22:57:00,SENS-1000,40,67,13
2026-08-08 23:12:00,SENS-1000,32,101,10
2026-08-08 23:27:00,SENS-1000,17,59,5
2026-08-08 23:42:00,SENS-1000,39,71,13
2026-08-08 23:57:00,SENS-1000,13,81,4
2026-08-09 00:12:00,SENS-1000,50,62,16
2026-08-09 00:27:00,SENS-1000,24,80,8
2026-08-09 00:42:00,SENS-1000,59,70,19
2026-08-09 00:57:00,SENS-1000,24,54,8
2026-08-09 01:12:00,SENS-1000,48,85,16
2026-08-09 01:27:00,SENS-1000,50,75,16
2026-08-09 01:42:00,SENS-1000,38,70,12
2026-08-09 01:57:00,SENS-1000,43,86,14
2026-08-09 02:12:00,SENS-1000,47,67,15
2026-08-09 02:27:00,SENS-1000,8,72,2
2026-08-09 02:42:00,SENS-1000,40,90,13
2026-08-09 02:57:00,SENS-1000,35,64,11
2026-08-09 03:12:00,SENS-1000,49,84,16
2026-08-09 03:27:00,SENS-1000,42,75,14
2026-08-09 03:42:00,SENS-1000,31,73,10
2026-08-09 03:57:00,SENS-1000,56,67,18
2026-08-09 04:12:00,SENS-1000,54,89,18
2026-08-09 04:27:00,SENS-1000,17,86,5
2026-08-09 04:42:00,SENS-1000,13,76,4
2026-08-09 04:57:00,SENS-1000,27,69,9
2026-08-09 05:12:00,SENS-1000,10,64,3
2026-08-09 05:27:00,SENS-1000,51,82,17
2026-08-09 05:42:00,SENS-1000,33,76,11
2026-08-09 05:57:00,SENS-1000,45,69,15
2026-08-09 06:12:00,SENS-1000,102,73,34
2026-08-09 06:27:00,SENS-1000,65,50,21
2026-08-09 06:42:00,SENS-1000,107,52,35
2026-08-09 06:57:00,SENS-1000,117,42,39
2026-08-09 07:12:00,SENS-1000,192,27,64
2026-08-09 07:27:00,SENS-1000,198,19,86
2026-08-09 07:42:00,SENS-1000,162,14,74
2026-08-09 07:57:00,SENS-1000,176,23,58
2026-08-09 08:12:00,SENS-1000,244,22,81
2026-08-09 08:27:00,SENS-1000,236,14,98
2026-08-09 08:42:00,SENS-1000,287,17,100
2026-08-09 08:57:00,SENS-1000,155,11,71
2026-08-09 09:12:00,SENS-1000,159,26,53
2026-08-09 09:27:00,SENS-1000,217,39,72
2026-08-09 09:42:00,SENS-1000,127,37,42
2026-08-09 09:57:00,SENS-1000,171,25,56
2026-08-09 10:12:00,SENS-1000,74,66,24
2026-08-09 10:27:00,SENS-1000,103,65,34
2026-08-09 10:42:00,SENS-1000,88,60,29
2026-08-09 10:57:00,SENS-1000,57,49,19
2026-08-09 11:12:00,SENS-1000,79,37,26
2026-08-09 11:27:00,SENS-1000,71,63,23
2026-08-09 11:42:00,SENS-1000,141,58,47
2026-08-09 11:57:00,SENS-1000,92,70,30
2026-08-09 12:12:00,SENS-1000,75,47,25
2026-08-09 12:27:00,SENS-1000,70,47,23
2026-08-09 12:42:00,SENS-1000,97,60,32
2026-08-09 12:57:00,SENS-1000,74,63,24
2026-08-09 13:12:00,SENS-1000,133,65,44
2026-08-09 13:27:00,SENS-1000,187,44,62
2026-08-09 13:42:00,SENS-1000,149,41,49
2026-08-09 13:57:00,SENS-1000,111,49,37
2026-08-09 14:12:00,SENS-1000,67,59,22
2026-08-09 14:27:00,SENS-1000,104,56,34
2026-08-09 14:42:00,SENS-1000,100,71,33
2026-08-09 14:57:00,SENS-1000,88,46,29
2026-08-09 15:12:00,SENS-1000,83,56,27
2026-08-09 15:27:00,SENS-1000,52,55,17
2026-08-09 15:42:00,SENS-1000,67,73,22
2026-08-09 15:57:00,SENS-1000,61,58,20
2026-08-09 16:12:00,SENS-1000,284,22,94
2026-08-09 16:27:00,SENS-1000,304,14,100
2026-08-09 16:42:00,SENS-1000,223,30,74
2026-08-09 16:57:00,SENS-1000,142,18,67
2026-08-09 17:12:00,SENS-1000,168,30,56
2026-08-09 17:27:00,SENS-1000,126,19,62
2026-08-09 17:42:00,SENS-1000,272,16,100
2026-08-09 17:57:00,SENS-1000,202,33,67
2026-08-09 18:12:00,SENS-1000,360,11,100
2026-08-09 18:27:00,SENS-1000,246,11,100
2026-08-09 18:42:00,SENS-1000,217,15,92
2026-08-09 18:57:00,SENS-1000,186,19,82
2026-08-09 19:12:00,SENS-1000,312,22,100
2026-08-09 19:27:00,SENS-1000,115,17,58
2026-08-09 19:42:00,SENS-1000,233,11,97
2026-08-09 19:57:00,SENS-1000,215,30,71
2026-08-09 20:12:00,SENS-1000,134,67,44
2026-08-09 20:27:00,SENS-1000,133,40,44
2026-08-09 20:42:00,SENS-1000,129,49,43
2026-08-09 20:57:00,SENS-1000,95,51,31
2026-08-09 21:12:00,SENS-1000,157,55,52
2026-08-09 21:27:00,SENS-1000,112,38,37
2026-08-09 21:42:00,SENS-1000,104,63,34
2026-08-09 21:57:00,SENS-1000,71,73,23
2026-08-09 22:12:00,SENS-1000,105,41,35
2026-08-09 22:27:00,SENS-1000,90,49,30
2026-08-09 22:42:00,SENS-1000,99,48,33
2026-08-09 22:57:00,SENS-1000,120,49,40
2026-08-09 23:12:00,SENS-1000,51,89,17
2026-08-09 23:27:00,SENS-1000,52,62,17
2026-08-09 23:42:00,SENS-1000,33,77,11
2026-08-09 23:57:00,SENS-1000,40,72,13
2026-08-10 00:12:00,SENS-1000,42,79,14
2026-08-10 00:27:00,SENS-1000,43,84,14
2026-08-10 00:42:00,SENS-1000,11,71,3
2026-08-10 00:57:00,SENS-1000,12,61,4
2026-08-10 01:12:00,SENS-1000,40,84,13
2026-08-10 01:27:00,SENS-1000,14,88,4
2026-08-10 01:42:00,SENS-1000,46,54,15
2026-08-10 01:57:00,SENS-1000,39,96,13
2026-08-10 02:12:00,SENS-1000,29,90,9
2026-08-10 02:27:00,SENS-1000,9,80,3
2026-08-10 02:42:00,SENS-1000,46,89,15
2026-08-10 02:57:00,SENS-1000,13,78,4
2026-08-10 03:12:00,SENS-1000,16,73,5
2026-08-10 03:27:00,SENS-1000,12,76,4
2026-08-10 03:42:00,SENS-1000,17,91,5
2026-08-10 03:57:00,SENS-1000,21,72,7
2026-08-10 04:12:00,SENS-1000,23,69,7
2026-08-10 04:27:00,SENS-1000,34,87,11
2026-08-10 04:42:00,SENS-1000,24,66,8
2026-08-10 04:57:00,SENS-1000,33,67,11
2026-08-10 05:12:00,SENS-1000,43,65,14
2026-08-10 05:27:00,SENS-1000,45,71,15
2026-08-10 05:42:00,SENS-1000,13,69,4
2026-08-10 05:57:00,SENS-1000,70,76,23
2026-08-10 06:12:00,SENS-1000,60,69,20
2026-08-10 06:27:00,SENS-1000,104,47,34
2026-08-10 06:42:00,SENS-1000,43,51,14
2026-08-10 06:57:00,SENS-1000,78,58,26
2026-08-10 07:12:00,SENS-1000,155,33,51
2026-08-10 07:27:00,SENS-1000,204,18,88
2026-08-10 07:42:00,SENS-1000,244,19,100
2026-08-10 07:57:00,SENS-1000,137,27,45
2026-08-10 08:12:00,SENS-1000,301,10,100
2026-08-10 08:27:00,SENS-1000,262,37,87
2026-08-10 08:42:00,SENS-1000,183,27,61
2026-08-10 08:57:00,SENS-1000,376,9,100
2026-08-10 09:12:00,SENS-1000,238,11,99
2026-08-10 09:27:00,SENS-1000,167,11,75
2026-08-10 09:42:00,SENS-1000,230,23,76
2026-08-10 09:57:00,SENS-1000,272,18,100
2026-08-10 10:12:00,SENS-1000,86,43,28
2026-08-10 10:27:00,SENS-1000,174,61,57
2026-08-10 10:42:00,SENS-1000,143,58,47
2026-08-10 10:57:00,SENS-1000,70,58,23
2026-08-10 11:12:00,SENS-1000,191,59,63
2026-08-10 11:27:00,SENS-1000,71,58,23
2026-08-10 11:42:00,SENS-1000,127,76,42
2026-08-10 11:57:00,SENS-1000,80,65,26
2026-08-10 12:12:00,SENS-1000,94,51,31
2026-08-10 12:27:00,SENS-1000,52,57,17
2026-08-10 12:42:00,SENS-1000,83,50,27
2026-08-10 12:57:00,SENS-1000,125,65,41
2026-08-10 13:12:00,SENS-1000,69,59,23
2026-08-10 13:27:00,SENS-1000,55,42,18
2026-08-10 13:42:00,SENS-1000,138,72,46
2026-08-10 13:57:00,SENS-1000,170,44,56
2026-08-10 14:12:00,SENS-1000,106,43,35
2026-08-10 14:27:00,SENS-1000,145,39,48
2026-08-10 14:42:00,SENS-1000,95,52,31
2026-08-10 14:57:00,SENS-1000,95,69,31
2026-08-10 15:12:00,SENS-1000,114,79,38
2026-08-10 15:27:00,SENS-1000,118,63,39
2026-08-10 15:42:00,SENS-1000,44,41,14
2026-08-10 15:57:00,SENS-1000,49,44,16
2026-08-10 16:12:00,SENS-1000,103,18,54
2026-08-10 16:27:00,SENS-1000,255,29,85
2026-08-10 16:42:00,SENS-1000,222,28,74
2026-08-10 16:57:00,SENS-1000,211,18,90
2026-08-10 17:12:00,SENS-1000,90,45,30
2026-08-10 17:27:00,SENS-1000,154,23,51
2026-08-10 17:42:00,SENS-1000,214,13,91
2026-08-10 17:57:00,SENS-1000,245,15,100
2026-08-10 18:12:00,SENS-1000,308,32,100
2026-08-10 18:27:00,SENS-1000,154,22,51
2026-08-10 18:42:00,SENS-1000,185,36,61
2026-08-10 18:57:00,SENS-1000,247,30,82
2026-08-10 19:12:00,SENS-1000,290,37,96
2026-08-10 19:27:00,SENS-1000,143,10,67
2026-08-10 19:42:00,SENS-1000,159,15,73
2026-08-10 19:57:00,SENS-1000,195,17,85
2026-08-10 20:12:00,SENS-1000,96,68,32
2026-08-10 20:27:00,SENS-1000,66,51,22
2026-08-10 20:42:00,SENS-1000,69,53,23
2026-08-10 20:57:00,SENS-1000,139,49,46
2026-08-10 21:12:00,SENS-1000,131,65,43
2026-08-10 21:27:00,SENS-1000,86,58,28
2026-08-10 21:42:00,SENS-1000,71,61,23
2026-08-10 21:57:00,SENS-1000,50,74,16
2026-08-10 22:12:00,SENS-1000,82,61,27
2026-08-10 22:27:00,SENS-1000,69,48,23
2026-08-10 22:42:00,SENS-1000,92,43,30
2026-08-10 22:57:00,SENS-1000,139,52,46
2026-08-10 23:12:00,SENS-1000,54,99,18
2026-08-10 23:27:00,SENS-1000,34,90,11
2026-08-10 23:42:00,SENS-1000,25,72,8
2026-08-10 23:57:00,SENS-1000,11,96,3
2026-08-11 00:12:00,SENS-1000,11,84,3
2026-08-11 00:27:00,SENS-1000,19,48,6
2026-08-11 00:42:00,SENS-1000,12,54,4
2026-08-11 00:57:00,SENS-1000,12,88,4
2026-08-11 01:12:00,SENS-1000,37,66,12
2026-08-11 01:27:00,SENS-1000,23,69,7
2026-08-11 01:42:00,SENS-1000,26,73,8
2026-08-11 01:57:00,SENS-1000,34,59,11
2026-08-11 02:12:00,SENS-1000,13,64,4
2026-08-11 02:27:00,SENS-1000,35,56,11
2026-08-11 02:42:00,SENS-1000,24,84,8
2026-08-11 02:57:00,SENS-1000,32,83,10
2026-08-11 03:12:00,SENS-1000,13,87,4
2026-08-11 03:27:00,SENS-1000,12,84,4
2026-08-11 03:42:00,SENS-1000,24,63,8
2026-08-11 03:57:00,SENS-1000,13,89,4
2026-08-11 04:12:00,SENS-1000,32,96,10
2026-08-11 04:27:00,SENS-1000,23,79,7
2026-08-11 04:42:00,SENS-1000,51,92,17
2026-08-11 04:57:00,SENS-1000,48,66,16
2026-08-11 05:12:00,SENS-1000,21,63,7
2026-08-11 05:27:00,SENS-1000,59,73,19
2026-08-11 05:42:00,SENS-1000,11,75,3
2026-08-11 05:57:00,SENS-1000,21,91,7
2026-08-11 06:12:00,SENS-1000,147,41,49
2026-08-11 06:27:00,SENS-1000,123,51,41
2026-08-11 06:42:00,SENS-1000,91,61,30
2026-08-11 06:57:00,SENS-1000,89,48,29
2026-08-11 07:12:00,SENS-1000,317,32,100
2026-08-11 07:27:00,SENS-1000,331,10,100
2026-08-11 07:42:00,SENS-1000,183,13,81
2026-08-11 07:57:00,SENS-1000,314,13,100
2026-08-11 08:12:00,SENS-1000,113,38,37
2026-08-11 08:27:00,SENS-1000,264,16,100
2026-08-11 08:42:00,SENS-1000,204,29,68
2026-08-11 08:57:00,SENS-1000,272,12,100
2026-08-11 09:12:00,SENS-1000,345,13,100
2026-08-11 09:27:00,SENS-1000,223,20,74
2026-08-11 09:42:00,SENS-1000,107,26,35
2026-08-11 09:57:00,SENS-1000,324,28,100
2026-08-11 10:12:00,SENS-1000,150,56,50
2026-08-11 10:27:00,SENS-1000,74,49,24
2026-08-11 10:42:00,SENS-1000,60,45,20
2026-08-11 10:57:00,SENS-1000,113,69,37
2026-08-11 11:12:00,SENS-1000,64,72,21
2026-08-11 11:27:00,SENS-1000,75,51,25
2026-08-11 11:42:00,SENS-1000,130,60,43
2026-08-11 11:57:00,SENS-1000,143,44,47
2026-08-11 12:12:00,SENS-1000,125,85,41
2026-08-11 12:27:00,SENS-1000,52,55,17
2026-08-11 12:42:00,SENS-1000,90,63,30
2026-08-11 12:57:00,SENS-1000,74,45,24
2026-08-11 13:12:00,SENS-1000,164,56,54
2026-08-11 13:27:00,SENS-1000,93,65,31
2026-08-11 13:42:00,SENS-1000,133,41,44
2026-08-11 13:57:00,SENS-1000,60,52,20
2026-08-11 14:12:00,SENS-1000,163,67,54
2026-08-11 14:27:00,SENS-1000,51,49,17
2026-08-11 14:42:00,SENS-1000,97,37,32
2026-08-11 14:57:00,SENS-1000,81,52,27
2026-08-11 15:12:00,SENS-1000,64,47,21
2026-08-11 15:27:00,SENS-1000,74,49,24
2026-08-11 15:42:00,SENS-1000,114,54,38
2026-08-11 15:57:00,SENS-1000,89,47,29
2026-08-11 16:12:00,SENS-1000,179,15,79
2026-08-11 16:27:00,SENS-1000,316,14,100
2026-08-11 16:42:00,SENS-1000,161,21,53
2026-08-11 16:57:00,SENS-1000,162,37,54
2026-08-11 17:12:00,SENS-1000,192,33,64
2026-08-11 17:27:00,SENS-1000,280,36,93
2026-08-11 17:42:00,SENS-1000,209,18,89
2026-08-11 17:57:00,SENS-1000,187,23,62
2026-08-11 18:12:00,SENS-1000,202,27,67
2026-08-11 18:27:00,SENS-1000,197,29,65
2026-08-11 18:42:00,SENS-1000,201,30,67
2026-08-11 18:57:00,SENS-1000,230,38,76
2026-08-11 19:12:00,SENS-1000,232,24,77
2026-08-11 19:27:00,SENS-1000,154,13,71
2026-08-11 19:42:00,SENS-1000,206,15,88
2026-08-11 19:57:00,SENS-1000,218,39,72
2026-08-11 20:12:00,SENS-1000,122,48,40
2026-08-11 20:27:00,SENS-1000,146,39,48
2026-08-11 20:42:00,SENS-1000,53,68,17
2026-08-11 20:57:00,SENS-1000,54,31,18
2026-08-11 21:12:00,SENS-1000,131,62,43
2026-08-11 21:27:00,SENS-1000,103,54,34
2026-08-11 21:42:00,SENS-1000,76,62,25
2026-08-11 21:57:00,SENS-1000,213,74,71
2026-08-11 22:12:00,SENS-1000,60,41,20
2026-08-11 22:27:00,SENS-1000,148,41,49
2026-08-11 22:42:00,SENS-1000,60,66,20
2026-08-11 22:57:00,SENS-1000,58,70,19
2026-08-11 23:12:00,SENS-1000,47,73,15
2026-08-11 23:27:00,SENS-1000,49,71,16
2026-08-11 23:42:00,SENS-1000,14,69,4
2026-08-11 23:57:00,SENS-1000,35,89,11
2026-08-12 00:12:00,SENS-1000,23,93,7
2026-08-12 00:27:00,SENS-1000,39,75,13
2026-08-12 00:42:00,SENS-1000,28,66,9
2026-08-12 00:57:00,SENS-1000,21,67,7
2026-08-12 01:12:00,SENS-1000,23,80,7
2026-08-12 01:27:00,SENS-1000,38,90,12
2026-08-12 01:42:00,SENS-1000,35,87,11
2026-08-12 01:57:00,SENS-1000,11,79,3
2026-08-12 02:12:00,SENS-1000,26,82,8
2026-08-12 02:27:00,SENS-1000,20,94,6
2026-08-12 02:42:00,SENS-1000,41,74,13
2026-08-12 02:57:00,SENS-1000,33,64,11
2026-08-12 03:12:00,SENS-1000,50,70,16
2026-08-12 03:27:00,SENS-1000,33,77,11
2026-08-12 03:42:00,SENS-1000,66,82,22
2026-08-12 03:57:00,SENS-1000,52,64,17
2026-08-12 04:12:00,SENS-1000,11,69,3
2026-08-12 04:27:00,SENS-1000,40,77,13
2026-08-12 04:42:00,SENS-1000,19,65,6
2026-08-12 04:57:00,SENS-1000,30,73,10
2026-08-12 05:12:00,SENS-1000,42,68,14
2026-08-12 05:27:00,SENS-1000,16,85,5
2026-08-12 05:42:00,SENS-1000,42,77,14
2026-08-12 05:57:00,SENS-1000,32,94,10
2026-08-12 06:12:00,SENS-1000,68,57,22
2026-08-12 06:27:00,SENS-1000,99,50,33
2026-08-12 06:42:00,SENS-1000,63,56,21
2026-08-12 06:57:00,SENS-1000,54,53,18
2026-08-12 07:12:00,SENS-1000,173,9,77
2026-08-12 07:27:00,SENS-1000,234,12,98
2026-08-12 07:42:00,SENS-1000,181,40,60
2026-08-12 07:57:00,SENS-1000,270,20,90
2026-08-12 08:12:00,SENS-1000,181,19,80
2026-08-12 08:27:00,SENS-1000,270,35,90
2026-08-12 08:42:00,SENS-1000,197,29,65
2026-08-12 08:57:00,SENS-1000,217,9,92
2026-08-12 09:12:00,SENS-1000,118,34,39
2026-08-12 09:27:00,SENS-1000,322,38,100
2026-08-12 09:42:00,SENS-1000,188,40,62
2026-08-12 09:57:00,SENS-1000,119,16,59
2026-08-12 10:12:00,SENS-1000,83,68,27
2026-08-12 10:27:00,SENS-1000,165,68,55
2026-08-12 10:42:00,SENS-1000,73,55,24
2026-08-12 10:57:00,SENS-1000,46,46,15
2026-08-12 11:12:00,SENS-1000,59,50,19
2026-08-12 11:27:00,SENS-1000,79,44,26
2026-08-12 11:42:00,SENS-1000,46,47,15
2026-08-12 11:57:00,SENS-1000,67,60,22
2026-08-12 12:12:00,SENS-1000,57,53,19
2026-08-12 12:27:00,SENS-1000,93,58,31
2026-08-12 12:42:00,SENS-1000,121,40,40
2026-08-12 12:57:00,SENS-1000,84,51,28
2026-08-12 13:12:00,SENS-1000,75,56,25
2026-08-12 13:27:00,SENS-1000,49,42,16
2026-08-12 13:42:00,SENS-1000,92,49,30
2026-08-12 13:57:00,SENS-1000,118,72,39
2026-08-12 14:12:00,SENS-1000,57,41,19
2026-08-12 14:27:00,SENS-1000,164,60,54
2026-08-12 14:42:00,SENS-1000,123,61,41
2026-08-12 14:57:00,SENS-1000,114,63,38
2026-08-12 15:12:00,SENS-1000,90,67,30
2026-08-12 15:27:00,SENS-1000,116,69,38
2026-08-12 15:42:00,SENS-1000,59,53,19
2026-08-12 15:57:00,SENS-1000,118,66,39
2026-08-12 16:12:00,SENS-1000,157,8,72
2026-08-12 16:27:00,SENS-1000,163,27,54
2026-08-12 16:42:00,SENS-1000,224,11,94
2026-08-12 16:57:00,SENS-1000,362,17,100
2026-08-12 17:12:00,SENS-1000,127,27,42
2026-08-12 17:27:00,SENS-1000,323,41,100
2026-08-12 17:42:00,SENS-1000,310,27,100
2026-08-12 17:57:00,SENS-1000,158,29,52
2026-08-12 18:12:00,SENS-1000,133,31,44
2026-08-12 18:27:00,SENS-1000,238,31,79
2026-08-12 18:42:00,SENS-1000,227,24,75
2026-08-12 18:57:00,SENS-1000,279,15,100
2026-08-12 19:12:00,SENS-1000,180,22,60
2026-08-12 19:27:00,SENS-1000,193,15,84
2026-08-12 19:42:00,SENS-1000,237,16,99
2026-08-12 19:57:00,SENS-1000,255,35,85
2026-08-12 20:12:00,SENS-1000,109,44,36
2026-08-12 20:27:00,SENS-1000,121,49,40
2026-08-12 20:42:00,SENS-1000,76,46,25
2026-08-12 20:57:00,SENS-1000,137,64,45
2026-08-12 21:12:00,SENS-1000,97,72,32
2026-08-12 21:27:00,SENS-1000,109,59,36
2026-08-12 21:42:00,SENS-1000,116,55,38
2026-08-12 21:57:00,SENS-1000,114,58,38
2026-08-12 22:12:00,SENS-1000,68,42,22
2026-08-12 22:27:00,SENS-1000,63,46,21
2026-08-12 22:42:00,SENS-1000,132,37,44
2026-08-12 22:57:00,SENS-1000,75,40,25
2026-08-12 23:12:00,SENS-1000,47,79,15
2026-08-12 23:27:00,SENS-1000,16,90,5
2026-08-12 23:42:00,SENS-1000,10,59,3
2026-08-12 23:57:00,SENS-1000,48,68,16
2026-08-13 00:12:00,SENS-1000,7,84,2
2026-08-13 00:27:00,SENS-1000,13,72,4
2026-08-13 00:42:00,SENS-1000,27,75,9
2026-08-13 00:57:00,SENS-1000,31,60,10
2026-08-13 01:12:00,SENS-1000,33,44,11
2026-08-13 01:27:00,SENS-1000,45,50,15
2026-08-13 01:42:00,SENS-1000,13,81,4
2026-08-13 01:57:00,SENS-1000,43,77,14
2026-08-13 02:12:00,SENS-1000,19,75,6
2026-08-13 02:27:00,SENS-1000,14,80,4
2026-08-13 02:42:00,SENS-1000,43,71,14
2026-08-13 02:57:00,SENS-1000,51,64,17
2026-08-13 03:12:00,SENS-1000,55,87,18
2026-08-13 03:27:00,SENS-1000,15,61,5
2026-08-13 03:42:00,SENS-1000,15,73,5
2026-08-13 03:57:00,SENS-1000,22,85,7
2026-08-13 04:12:00,SENS-1000,24,63,8
2026-08-13 04:27:00,SENS-1000,38,87,12
2026-08-13 04:42:00,SENS-1000,38,67,12
2026-08-13 04:57:00,SENS-1000,35,86,11
2026-08-13 05:12:00,SENS-1000,43,55,14
2026-08-13 05:27:00,SENS-1000,63,69,21
2026-08-13 05:42:00,SENS-1000,19,64,6
2026-08-13 05:57:00,SENS-1000,20,60,6
2026-08-13 06:12:00,SENS-1000,98,80,32
2026-08-13 06:27:00,SENS-1000,144,40,48
2026-08-13 06:42:00,SENS-1000,40,67,13
2026-08-13 06:57:00,SENS-1000,49,52,16
2026-08-13 07:12:00,SENS-1000,155,38,51
2026-08-13 07:27:00,SENS-1000,247,13,100
2026-08-13 07:42:00,SENS-1000,118,27,39
2026-08-13 07:57:00,SENS-1000,358,32,100
2026-08-13 08:12:00,SENS-1000,206,13,88
2026-08-13 08:27:00,SENS-1000,180,29,60
2026-08-13 08:42:00,SENS-1000,286,37,95
2026-08-13 08:57:00,SENS-1000,224,37,74
2026-08-13 09:12:00,SENS-1000,209,28,69
2026-08-13 09:27:00,SENS-1000,249,23,83
2026-08-13 09:42:00,SENS-1000,201,9,87
2026-08-13 09:57:00,SENS-1000,247,29,82
2026-08-13 10:12:00,SENS-1000,113,48,37
2026-08-13 10:27:00,SENS-1000,77,48,25
2026-08-13 10:42:00,SENS-1000,53,63,17
2026-08-13 10:57:00,SENS-1000,74,53,24
2026-08-13 11:12:00,SENS-1000,121,64,40
2026-08-13 11:27:00,SENS-1000,89,53,29
2026-08-13 11:42:00,SENS-1000,81,68,27
2026-08-13 11:57:00,SENS-1000,136,46,45
2026-08-13 12:12:00,SENS-1000,126,64,42
2026-08-13 12:27:00,SENS-1000,36,65,12
2026-08-13 12:42:00,SENS-1000,102,52,34
2026-08-13 12:57:00,SENS-1000,71,66,23
2026-08-13 13:12:00,SENS-1000,129,45,43
2026-08-13 13:27:00,SENS-1000,105,67,35
2026-08-13 13:42:00,SENS-1000,115,50,38
2026-08-13 13:57:00,SENS-1000,83,66,27
2026-08-13 14:12:00,SENS-1000,48,67,16
2026-08-13 14:27:00,SENS-1000,71,61,23
2026-08-13 14:42:00,SENS-1000,86,44,28
2026-08-13 14:57:00,SENS-1000,110,57,36
2026-08-13 15:12:00,SENS-1000,51,48,17
2026-08-13 15:27:00,SENS-1000,157,53,52
2026-08-13 15:42:00,SENS-1000,105,63,35
2026-08-13 15:57:00,SENS-1000,43,66,14
2026-08-13 16:12:00,SENS-1000,152,19,70
2026-08-13 16:27:00,SENS-1000,238,14,99
2026-08-13 16:42:00,SENS-1000,230,10,96
2026-08-13 16:57:00,SENS-1000,222,33,74
2026-08-13 17:12:00,SENS-1000,259,31,86
2026-08-13 17:27:00,SENS-1000,168,20,56
2026-08-13 17:42:00,SENS-1000,245,16,100
2026-08-13 17:57:00,SENS-1000,218,32,72
2026-08-13 18:12:00,SENS-1000,161,37,53
2026-08-13 18:27:00,SENS-1000,210,32,70
2026-08-13 18:42:00,SENS-1000,205,18,88
2026-08-13 18:57:00,SENS-1000,212,23,70
2026-08-13 19:12:00,SENS-1000,300,30,100
2026-08-13 19:27:00,SENS-1000,152,15,70
2026-08-13 19:42:00,SENS-1000,169,33,56
2026-08-13 19:57:00,SENS-1000,293,41,97
2026-08-13 20:12:00,SENS-1000,93,52,31
2026-08-13 20:27:00,SENS-1000,98,83,32
2026-08-13 20:42:00,SENS-1000,100,47,33
2026-08-13 20:57:00,SENS-1000,112,58,37
2026-08-13 21:12:00,SENS-1000,53,61,17
2026-08-13 21:27:00,SENS-1000,84,33,28
2026-08-13 21:42:00,SENS-1000,144,65,48
2026-08-13 21:57:00,SENS-1000,57,54,19
2026-08-13 22:12:00,SENS-1000,171,56,56
2026-08-13 22:27:00,SENS-1000,44,64,14
2026-08-13 22:42:00,SENS-1000,101,39,33
2026-08-13 22:57:00,SENS-1000,114,44,38
2026-08-13 23:12:00,SENS-1000,17,80,5
2026-08-13 23:27:00,SENS-1000,39,78,13
2026-08-13 23:42:00,SENS-1000,41,81,13
2026-08-13 23:57:00,SENS-1000,17,99,5
2026-08-14 00:12:00,SENS-1000,10,89,3
2026-08-14 00:27:00,SENS-1000,14,85,4
2026-08-14 00:42:00,SENS-1000,40,58,13
2026-08-14 00:57:00,SENS-1000,42,81,14
2026-08-14 01:12:00,SENS-1000,26,64,8
2026-08-14 01:27:00,SENS-1000,32,80,10
2026-08-14 01:42:00,SENS-1000,31,81,10
2026-08-14 01:57:00,SENS-1000,13,66,4
2026-08-14 02:12:00,SENS-1000,41,65,13
2026-08-14 02:27:00,SENS-1000,34,68,11
2026-08-14 02:42:00,SENS-1000,33,90,11
2026-08-14 02:57:00,SENS-1000,23,67,7
2026-08-14 03:12:00,SENS-1000,18,55,6
2026-08-14 03:27:00,SENS-1000,25,81,8
2026-08-14 03:42:00,SENS-1000,45,70,15
2026-08-14 03:57:00,SENS-1000,34,80,11
2026-08-14 04:12:00,SENS-1000,30,69,10
2026-08-14 04:27:00,SENS-1000,11,67,3
2026-08-14 04:42:00,SENS-1000,11,65,3
2026-08-14 04:57:00,SENS-1000,26,76,8
2026-08-14 05:12:00,SENS-1000,18,80,6
2026-08-14 05:27:00,SENS-1000,47,77,15
2026-08-14 05:42:00,SENS-1000,10,81,3
2026-08-14 05:57:00,SENS-1000,23,85,7
2026-08-14 06:12:00,SENS-1000,82,45,27
2026-08-14 06:27:00,SENS-1000,126,48,42
2026-08-14 06:42:00,SENS-1000,76,54,25
2026-08-14 06:57:00,SENS-1000,103,42,34
2026-08-14 07:12:00,SENS-1000,169,27,56
2026-08-14 07:27:00,SENS-1000,124,29,41
2026-08-14 07:42:00,SENS-1000,214,32,71
2026-08-14 07:57:00,SENS-1000,230,38,76
2026-08-14 08:12:00,SENS-1000,197,18,85
2026-08-14 08:27:00,SENS-1000,174,16,77
2026-08-14 08:42:00,SENS-1000,233,10,97
2026-08-14 08:57:00,SENS-1000,113,43,37
2026-08-14 09:12:00,SENS-1000,193,22,64
2026-08-14 09:27:00,SENS-1000,169,17,76
2026-08-14 09:42:00,SENS-1000,347,22,100
2026-08-14 09:57:00,SENS-1000,238,26,79
2026-08-14 10:12:00,SENS-1000,161,50,53
2026-08-14 10:27:00,SENS-1000,106,49,35
2026-08-14 10:42:00,SENS-1000,69,44,23
2026-08-14 10:57:00,SENS-1000,77,63,25
2026-08-14 11:12:00,SENS-1000,92,67,30
2026-08-14 11:27:00,SENS-1000,61,43,20
2026-08-14 11:42:00,SENS-1000,116,57,38
2026-08-14 11:57:00,SENS-1000,183,55,61
2026-08-14 12:12:00,SENS-1000,169,54,56
2026-08-14 12:27:00,SENS-1000,104,51,34
2026-08-14 12:42:00,SENS-1000,46,39,15
2026-08-14 12:57:00,SENS-1000,64,46,21
2026-08-14 13:12:00,SENS-1000,169,49,56
2026-08-14 13:27:00,SENS-1000,46,50,15
2026-08-14 13:42:00,SENS-1000,95,56,31
2026-08-14 13:57:00,SENS-1000,89,74,29
2026-08-14 14:12:00,SENS-1000,81,49,27
2026-08-14 14:27:00,SENS-1000,124,59,41
2026-08-14 14:42:00,SENS-1000,95,67,31
2026-08-14 14:57:00,SENS-1000,68,70,22
2026-08-14 15:12:00,SENS-1000,61,54,20
2026-08-14 15:27:00,SENS-1000,152,60,50
2026-08-14 15:42:00,SENS-1000,176,69,58
2026-08-14 15:57:00,SENS-1000,71,50,23
2026-08-14 16:12:00,SENS-1000,120,29,40
2026-08-14 16:27:00,SENS-1000,185,9,81
2026-08-14 16:42:00,SENS-1000,212,28,70
2026-08-14 16:57:00,SENS-1000,279,16,100
2026-08-14 17:12:00,SENS-1000,226,13,95
2026-08-14 17:27:00,SENS-1000,243,24,81
2026-08-14 17:42:00,SENS-1000,259,13,100
2026-08-14 17:57:00,SENS-1000,200,44,66
2026-08-14 18:12:00,SENS-1000,195,26,65
2026-08-14 18:27:00,SENS-1000,240,37,80
2026-08-14 18:42:00,SENS-1000,319,40,100
2026-08-14 18:57:00,SENS-1000,238,15,99
2026-08-14 19:12:00,SENS-1000,300,32,100
2026-08-14 19:27:00,SENS-1000,338,12,100
2026-08-14 19:42:00,SENS-1000,308,25,100
2026-08-14 19:57:00,SENS-1000,240,28,80
2026-08-07 19:57:00,SENS-1001,187,27,62
2026-08-07 20:12:00,SENS-1001,102,43,34
2026-08-07 20:27:00,SENS-1001,59,76,19
2026-08-07 20:42:00,SENS-1001,105,39,35
2026-08-07 20:57:00,SENS-1001,110,48,36
2026-08-07 21:12:00,SENS-1001,124,60,41
2026-08-07 21:27:00,SENS-1001,133,49,44
2026-08-07 21:42:00,SENS-1001,170,66,56
2026-08-07 21:57:00,SENS-1001,110,67,36
2026-08-07 22:12:00,SENS-1001,134,47,44
2026-08-07 22:27:00,SENS-1001,68,44,22
2026-08-07 22:42:00,SENS-1001,118,72,39
2026-08-07 22:57:00,SENS-1001,125,44,41
2026-08-07 23:12:00,SENS-1001,16,66,5
2026-08-07 23:27:00,SENS-1001,38,79,12
2026-08-07 23:42:00,SENS-1001,28,76,9
2026-08-07 23:57:00,SENS-1001,36,101,12
2026-08-08 00:12:00,SENS-1001,17,81,5
2026-08-08 00:27:00,SENS-1001,16,74,5
2026-08-08 00:42:00,SENS-1001,41,79,13
2026-08-08 00:57:00,SENS-1001,43,88,14
2026-08-08 01:12:00,SENS-1001,33,82,11
2026-08-08 01:27:00,SENS-1001,45,75,15
2026-08-08 01:42:00,SENS-1001,30,90,10
2026-08-08 01:57:00,SENS-1001,31,93,10
2026-08-08 02:12:00,SENS-1001,37,63,12
2026-08-08 02:27:00,SENS-1001,28,73,9
2026-08-08 02:42:00,SENS-1001,37,59,12
2026-08-08 02:57:00,SENS-1001,48,89,16
2026-08-08 03:12:00,SENS-1001,14,56,4
2026-08-08 03:27:00,SENS-1001,22,72,7
2026-08-08 03:42:00,SENS-1001,12,84,4
2026-08-08 03:57:00,SENS-1001,39,73,13
2026-08-08 04:12:00,SENS-1001,31,86,10
2026-08-08 04:27:00,SENS-1001,25,70,8
2026-08-08 04:42:00,SENS-1001,38,80,12
2026-08-08 04:57:00,SENS-1001,21,61,7
2026-08-08 05:12:00,SENS-1001,16,72,5
2026-08-08 05:27:00,SENS-1001,28,76,9
2026-08-08 05:42:00,SENS-1001,33,62,11
2026-08-08 05:57:00,SENS-1001,10,84,3
2026-08-08 06:12:00,SENS-1001,107,67,35
2026-08-08 06:27:00,SENS-1001,90,51,30
2026-08-08 06:42:00,SENS-1001,76,47,25
2026-08-08 06:57:00,SENS-1001,92,60,30
2026-08-08 07:12:00,SENS-1001,208,35,69
2026-08-08 07:27:00,SENS-1001,280,23,93
2026-08-08 07:42:00,SENS-1001,271,28,90
2026-08-08 07:57:00,SENS-1001,321,10,100
2026-08-08 08:12:00,SENS-1001,195,14,85
2026-08-08 08:27:00,SENS-1001,178,27,59
2026-08-08 08:42:00,SENS-1001,235,11,98
2026-08-08 08:57:00,SENS-1001,129,18,63
2026-08-08 09:12:00,SENS-1001,284,14,100
2026-08-08 09:27:00,SENS-1001,217,14,92
2026-08-08 09:42:00,SENS-1001,202,15,87
2026-08-08 09:57:00,SENS-1001,221,43,73
2026-08-08 10:12:00,SENS-1001,74,45,24
2026-08-08 10:27:00,SENS-1001,62,58,20
2026-08-08 10:42:00,SENS-1001,65,72,21
2026-08-08 10:57:00,SENS-1001,168,52,56
2026-08-08 11:12:00,SENS-1001,179,43,59
2026-08-08 11:27:00,SENS-1001,49,48,16
2026-08-08 11:42:00,SENS-1001,89,55,29
2026-08-08 11:57:00,SENS-1001,136,65,45
2026-08-08 12:12:00,SENS-1001,85,62,28
2026-08-08 12:27:00,SENS-1001,63,54,21
2026-08-08 12:42:00,SENS-1001,63,62,21
2026-08-08 12:57:00,SENS-1001,67,48,22
2026-08-08 13:12:00,SENS-1001,135,61,45
2026-08-08 13:27:00,SENS-1001,177,39,59
2026-08-08 13:42:00,SENS-1001,177,65,59
2026-08-08 13:57:00,SENS-1001,105,78,35
2026-08-08 14:12:00,SENS-1001,84,45,28
2026-08-08 14:27:00,SENS-1001,61,50,20
2026-08-08 14:42:00,SENS-1001,101,66,33
2026-08-08 14:57:00,SENS-1001,93,54,31
2026-08-08 15:12:00,SENS-1001,68,55,22
2026-08-08 15:27:00,SENS-1001,83,40,27
2026-08-08 15:42:00,SENS-1001,73,58,24
2026-08-08 15:57:00,SENS-1001,111,50,37
2026-08-08 16:12:00,SENS-1001,120,45,40
2026-08-08 16:27:00,SENS-1001,267,23,89
2026-08-08 16:42:00,SENS-1001,233,14,97
2026-08-08 16:57:00,SENS-1001,200,26,66
2026-08-08 17:12:00,SENS-1001,289,17,100
2026-08-08 17:27:00,SENS-1001,174,11,77
2026-08-08 17:42:00,SENS-1001,130,25,43
2026-08-08 17:57:00,SENS-1001,199,16,86
2026-08-08 18:12:00,SENS-1001,223,31,74
2026-08-08 18:27:00,SENS-1001,224,30,74
2026-08-08 18:42:00,SENS-1001,188,21,62
2026-08-08 18:57:00,SENS-1001,143,12,67
2026-08-08 19:12:00,SENS-1001,233,25,77
2026-08-08 19:27:00,SENS-1001,149,17,69
2026-08-08 19:42:00,SENS-1001,172,26,57
2026-08-08 19:57:00,SENS-1001,200,19,86
2026-08-08 20:12:00,SENS-1001,80,77,26
2026-08-08 20:27:00,SENS-1001,124,38,41
2026-08-08 20:42:00,SENS-1001,68,65,22
2026-08-08 20:57:00,SENS-1001,66,74,22
2026-08-08 21:12:00,SENS-1001,119,58,39
2026-08-08 21:27:00,SENS-1001,51,45,17
2026-08-08 21:42:00,SENS-1001,219,77,73
2026-08-08 21:57:00,SENS-1001,93,50,31
2026-08-08 22:12:00,SENS-1001,148,62,49
2026-08-08 22:27:00,SENS-1001,68,63,22
2026-08-08 22:42:00,SENS-1001,94,68,31
2026-08-08 22:57:00,SENS-1001,91,43,30
2026-08-08 23:12:00,SENS-1001,10,82,3
2026-08-08 23:27:00,SENS-1001,29,76,9
2026-08-08 23:42:00,SENS-1001,50,85,16
2026-08-08 23:57:00,SENS-1001,18,79,6
2026-08-09 00:12:00,SENS-1001,13,71,4
2026-08-09 00:27:00,SENS-1001,25,68,8
2026-08-09 00:42:00,SENS-1001,59,69,19
2026-08-09 00:57:00,SENS-1001,36,76,12
2026-08-09 01:12:00,SENS-1001,23,79,7
2026-08-09 01:27:00,SENS-1001,19,75,6
2026-08-09 01:42:00,SENS-1001,45,87,15
2026-08-09 01:57:00,SENS-1001,13,70,4
2026-08-09 02:12:00,SENS-1001,47,82,15
2026-08-09 02:27:00,SENS-1001,14,80,4
2026-08-09 02:42:00,SENS-1001,41,82,13
2026-08-09 02:57:00,SENS-1001,30,79,10
2026-08-09 03:12:00,SENS-1001,27,97,9
2026-08-09 03:27:00,SENS-1001,12,73,4
2026-08-09 03:42:00,SENS-1001,35,82,11
2026-08-09 03:57:00,SENS-1001,20,65,6
2026-08-09 04:12:00,SENS-1001,42,64,14
2026-08-09 04:27:00,SENS-1001,19,72,6
2026-08-09 04:42:00,SENS-1001,37,63,12
2026-08-09 04:57:00,SENS-1001,10,92,3
2026-08-09 05:12:00,SENS-1001,41,84,13
2026-08-09 05:27:00,SENS-1001,15,58,5
2026-08-09 05:42:00,SENS-1001,15,61,5
2026-08-09 05:57:00,SENS-1001,59,73,19
2026-08-09 06:12:00,SENS-1001,113,53,37
2026-08-09 06:27:00,SENS-1001,115,30,38
2026-08-09 06:42:00,SENS-1001,60,54,20
2026-08-09 06:57:00,SENS-1001,90,77,30
2026-08-09 07:12:00,SENS-1001,189,24,63
2026-08-09 07:27:00,SENS-1001,281,37,93
2026-08-09 07:42:00,SENS-1001,174,24,57
2026-08-09 07:57:00,SENS-1001,174,24,57
2026-08-09 08:12:00,SENS-1001,198,25,66
2026-08-09 08:27:00,SENS-1001,101,15,53
2026-08-09 08:42:00,SENS-1001,225,41,75
2026-08-09 08:57:00,SENS-1001,287,16,100
2026-08-09 09:12:00,SENS-1001,233,13,97
2026-08-09 09:27:00,SENS-1001,213,12,91
2026-08-09 09:42:00,SENS-1001,204,16,88
2026-08-09 09:57:00,SENS-1001,306,20,100
2026-08-09 10:12:00,SENS-1001,75,54,25
2026-08-09 10:27:00,SENS-1001,45,49,15
2026-08-09 10:42:00,SENS-1001,87,59,28
2026-08-09 10:57:00,SENS-1001,166,58,55
2026-08-09 11:12:00,SENS-1001,123,54,41
2026-08-09 11:27:00,SENS-1001,91,56,30
2026-08-09 11:42:00,SENS-1001,121,60,40
2026-08-09 11:57:00,SENS-1001,102,68,34
2026-08-09 12:12:00,SENS-1001,173,51,57
2026-08-09 12:27:00,SENS-1001,69,37,23
2026-08-09 12:42:00,SENS-1001,103,63,34
2026-08-09 12:57:00,SENS-1001,101,59,33
2026-08-09 13:12:00,SENS-1001,141,43,47
2026-08-09 13:27:00,SENS-1001,146,60,48
2026-08-09 13:42:00,SENS-1001,70,61,23
2026-08-09 13:57:00,SENS-1001,131,52,43
2026-08-09 14:12:00,SENS-1001,61,80,20
2026-08-09 14:27:00,SENS-1001,187,60,62
2026-08-09 14:42:00,SENS-1001,104,62,34
2026-08-09 14:57:00,SENS-1001,54,70,18
2026-08-09 15:12:00,SENS-1001,55,55,18
2026-08-09 15:27:00,SENS-1001,86,63,28
2026-08-09 15:42:00,SENS-1001,46,49,15
2026-08-09 15:57:00,SENS-1001,104,44,34
2026-08-09 16:12:00,SENS-1001,187,11,82
2026-08-09 16:27:00,SENS-1001,181,33,60
2026-08-09 16:42:00,SENS-1001,182,19,80
2026-08-09 16:57:00,SENS-1001,120,31,40
2026-08-09 17:12:00,SENS-1001,197,36,65
2026-08-09 17:27:00,SENS-1001,318,25,100
2026-08-09 17:42:00,SENS-1001,168,16,76
2026-08-09 17:57:00,SENS-1001,144,16,68
2026-08-09 18:12:00,SENS-1001,332,10,100
2026-08-09 18:27:00,SENS-1001,212,28,70
2026-08-09 18:42:00,SENS-1001,198,19,86
2026-08-09 18:57:00,SENS-1001,199,24,66
2026-08-09 19:12:00,SENS-1001,138,20,46
2026-08-09 19:27:00,SENS-1001,197,38,65
2026-08-09 19:42:00,SENS-1001,320,33,100
2026-08-09 19:57:00,SENS-1001,235,32,78
2026-08-09 20:12:00,SENS-1001,90,64,30
2026-08-09 20:27:00,SENS-1001,137,62,45
2026-08-09 20:42:00,SENS-1001,72,51,24
2026-08-09 20:57:00,SENS-1001,156,46,52
2026-08-09 21:12:00,SENS-1001,102,43,34
2026-08-09 21:27:00,SENS-1001,86,63,28
2026-08-09 21:42:00,SENS-1001,53,41,17
2026-08-09 21:57:00,SENS-1001,152,48,50
2026-08-09 22:12:00,SENS-1001,149,49,49
2026-08-09 22:27:00,SENS-1001,70,42,23
2026-08-09 22:42:00,SENS-1001,117,47,39
2026-08-09 22:57:00,SENS-1001,146,34,48
2026-08-09 23:12:00,SENS-1001,30,70,10
2026-08-09 23:27:00,SENS-1001,47,66,15
2026-08-09 23:42:00,SENS-1001,20,93,6
2026-08-09 23:57:00,SENS-1001,37,68,12
2026-08-10 00:12:00,SENS-1001,34,69,11
2026-08-10 00:27:00,SENS-1001,11,77,3
2026-08-10 00:42:00,SENS-1001,34,63,11
2026-08-10 00:57:00,SENS-1001,22,77,7
2026-08-10 01:12:00,SENS-1001,8,86,2
2026-08-10 01:27:00,SENS-1001,28,78,9
2026-08-10 01:42:00,SENS-1001,15,66,5
2026-08-10 01:57:00,SENS-1001,17,86,5
2026-08-10 02:12:00,SENS-1001,33,83,11
2026-08-10 02:27:00,SENS-1001,50,81,16
2026-08-10 02:42:00,SENS-1001,28,67,9
2026-08-10 02:57:00,SENS-1001,11,58,3
2026-08-10 03:12:00,SENS-1001,63,86,21
2026-08-10 03:27:00,SENS-1001,22,90,7
2026-08-10 03:42:00,SENS-1001,44,91,14
2026-08-10 03:57:00,SENS-1001,57,74,19
2026-08-10 04:12:00,SENS-1001,33,76,11
2026-08-10 04:27:00,SENS-1001,38,58,12
2026-08-10 04:42:00,SENS-1001,32,58,10
2026-08-10 04:57:00,SENS-1001,23,92,7
2026-08-10 05:12:00,SENS-1001,51,76,17
2026-08-10 05:27:00,SENS-1001,57,73,19
2026-08-10 05:42:00,SENS-1001,11,68,3
2026-08-10 05:57:00,SENS-1001,45,70,15
2026-08-10 06:12:00,SENS-1001,94,53,31
2026-08-10 06:27:00,SENS-1001,103,34,34
2026-08-10 06:42:00,SENS-1001,131,44,43
2026-08-10 06:57:00,SENS-1001,161,58,53
2026-08-10 07:12:00,SENS-1001,218,17,92
2026-08-10 07:27:00,SENS-1001,276,30,92
2026-08-10 07:42:00,SENS-1001,291,33,97
2026-08-10 07:57:00,SENS-1001,261,35,87
2026-08-10 08:12:00,SENS-1001,189,22,63
2026-08-10 08:27:00,SENS-1001,230,26,76
2026-08-10 08:42:00,SENS-1001,220,37,73
2026-08-10 08:57:00,SENS-1001,265,18,100
2026-08-10 09:12:00,SENS-1001,261,28,87
2026-08-10 09:27:00,SENS-1001,208,19,89
2026-08-10 09:42:00,SENS-1001,190,39,63
2026-08-10 09:57:00,SENS-1001,318,13,100
2026-08-10 10:12:00,SENS-1001,50,53,16
2026-08-10 10:27:00,SENS-1001,98,46,32
2026-08-10 10:42:00,SENS-1001,115,48,38
2026-08-10 10:57:00,SENS-1001,136,47,45
2026-08-10 11:12:00,SENS-1001,68,43,22
2026-08-10 11:27:00,SENS-1001,62,40,20
2026-08-10 11:42:00,SENS-1001,89,50,29
2026-08-10 11:57:00,SENS-1001,90,47,30
2026-08-10 12:12:00,SENS-1001,126,67,42
2026-08-10 12:27:00,SENS-1001,89,57,29
2026-08-10 12:42:00,SENS-1001,49,53,16
2026-08-10 12:57:00,SENS-1001,61,45,20
2026-08-10 13:12:00,SENS-1001,46,66,15
2026-08-10 13:27:00,SENS-1001,109,38,36
2026-08-10 13:42:00,SENS-1001,127,53,42
2026-08-10 13:57:00,SENS-1001,93,58,31
2026-08-10 14:12:00,SENS-1001,70,49,23
2026-08-10 14:27:00,SENS-1001,135,34,45
2026-08-10 14:42:00,SENS-1001,143,61,47
2026-08-10 14:57:00,SENS-1001,81,55,27
2026-08-10 15:12:00,SENS-1001,63,56,21
2026-08-10 15:27:00,SENS-1001,90,58,30
2026-08-10 15:42:00,SENS-1001,147,72,49
2026-08-10 15:57:00,SENS-1001,112,51,37
2026-08-10 16:12:00,SENS-1001,241,45,80
2026-08-10 16:27:00,SENS-1001,137,15,65
2026-08-10 16:42:00,SENS-1001,170,36,56
2026-08-10 16:57:00,SENS-1001,196,29,65
2026-08-10 17:12:00,SENS-1001,235,31,78
2026-08-10 17:27:00,SENS-1001,214,33,71
2026-08-10 17:42:00,SENS-1001,190,9,83
2026-08-10 17:57:00,SENS-1001,299,21,99
2026-08-10 18:12:00,SENS-1001,263,29,87
2026-08-10 18:27:00,SENS-1001,252,19,100
2026-08-10 18:42:00,SENS-1001,248,37,82
2026-08-10 18:57:00,SENS-1001,223,35,74
2026-08-10 19:12:00,SENS-1001,263,30,87
2026-08-10 19:27:00,SENS-1001,266,38,88
2026-08-10 19:42:00,SENS-1001,229,32,76
2026-08-10 19:57:00,SENS-1001,313,34,100
2026-08-10 20:12:00,SENS-1001,126,52,42
2026-08-10 20:27:00,SENS-1001,60,40,20
2026-08-10 20:42:00,SENS-1001,101,58,33
2026-08-10 20:57:00,SENS-1001,164,72,54
2026-08-10 21:12:00,SENS-1001,112,49,37
2026-08-10 21:27:00,SENS-1001,86,58,28
2026-08-10 21:42:00,SENS-1001,66,50,22
2026-08-10 21:57:00,SENS-1001,48,55,16
2026-08-10 22:12:00,SENS-1001,137,57,45
2026-08-10 22:27:00,SENS-1001,97,53,32
2026-08-10 22:42:00,SENS-1001,159,60,53
2026-08-10 22:57:00,SENS-1001,74,53,24
2026-08-10 23:12:00,SENS-1001,25,67,8
2026-08-10 23:27:00,SENS-1001,41,69,13
2026-08-10 23:42:00,SENS-1001,44,86,14
2026-08-10 23:57:00,SENS-1001,34,71,11
2026-08-11 00:12:00,SENS-1001,38,67,12
2026-08-11 00:27:00,SENS-1001,22,76,7
2026-08-11 00:42:00,SENS-1001,20,47,6
2026-08-11 00:57:00,SENS-1001,29,60,9
2026-08-11 01:12:00,SENS-1001,15,84,5
2026-08-11 01:27:00,SENS-1001,43,62,14
2026-08-11 01:42:00,SENS-1001,14,67,4
2026-08-11 01:57:00,SENS-1001,54,89,18
2026-08-11 02:12:00,SENS-1001,10,92,3
2026-08-11 02:27:00,SENS-1001,15,65,5
2026-08-11 02:42:00,SENS-1001,51,65,17
2026-08-11 02:57:00,SENS-1001,39,63,13
2026-08-11 03:12:00,SENS-1001,28,98,9
2026-08-11 03:27:00,SENS-1001,21,69,7
2026-08-11 03:42:00,SENS-1001,63,75,21
2026-08-11 03:57:00,SENS-1001,44,72,14
2026-08-11 04:12:00,SENS-1001,38,78,12
2026-08-11 04:27:00,SENS-1001,11,79,3
2026-08-11 04:42:00,SENS-1001,31,81,10
2026-08-11 04:57:00,SENS-1001,18,73,6
2026-08-11 05:12:00,SENS-1001,50,76,16
2026-08-11 05:27:00,SENS-1001,13,74,4
2026-08-11 05:42:00,SENS-1001,38,75,12
2026-08-11 05:57:00,SENS-1001,41,79,13
2026-08-11 06:12:00,SENS-1001,164,58,54
2026-08-11 06:27:00,SENS-1001,144,52,48
2026-08-11 06:42:00,SENS-1001,92,62,30
2026-08-11 06:57:00,SENS-1001,139,62,46
2026-08-11 07:12:00,SENS-1001,218,37,72
2026-08-11 07:27:00,SENS-1001,240,29,80
2026-08-11 07:42:00,SENS-1001,277,19,100
2026-08-11 07:57:00,SENS-1001,123,33,41
2026-08-11 08:12:00,SENS-1001,263,14,100
2026-08-11 08:27:00,SENS-1001,171,36,56
2026-08-11 08:42:00,SENS-1001,158,10,72
2026-08-11 08:57:00,SENS-1001,303,12,100
2026-08-11 09:12:00,SENS-1001,270,30,90
2026-08-11 09:27:00,SENS-1001,275,11,100
2026-08-11 09:42:00,SENS-1001,176,10,78
2026-08-11 09:57:00,SENS-1001,157,19,72
2026-08-11 10:12:00,SENS-1001,116,51,38
2026-08-11 10:27:00,SENS-1001,40,64,13
2026-08-11 10:42:00,SENS-1001,47,42,15
2026-08-11 10:57:00,SENS-1001,60,49,20
2026-08-11 11:12:00,SENS-1001,167,36,55
2026-08-11 11:27:00,SENS-1001,85,44,28
2026-08-11 11:42:00,SENS-1001,154,58,51
2026-08-11 11:57:00,SENS-1001,146,68,48
2026-08-11 12:12:00,SENS-1001,85,57,28
2026-08-11 12:27:00,SENS-1001,84,55,28
2026-08-11 12:42:00,SENS-1001,128,60,42
2026-08-11 12:57:00,SENS-1001,122,69,40
2026-08-11 13:12:00,SENS-1001,60,58,20
2026-08-11 13:27:00,SENS-1001,126,62,42
2026-08-11 13:42:00,SENS-1001,113,41,37
2026-08-11 13:57:00,SENS-1001,141,42,47
2026-08-11 14:12:00,SENS-1001,107,46,35
2026-08-11 14:27:00,SENS-1001,68,58,22
2026-08-11 14:42:00,SENS-1001,75,48,25
2026-08-11 14:57:00,SENS-1001,66,48,22
2026-08-11 15:12:00,SENS-1001,56,73,18
2026-08-11 15:27:00,SENS-1001,161,65,53
2026-08-11 15:42:00,SENS-1001,107,40,35
2026-08-11 15:57:00,SENS-1001,138,62,46
2026-08-11 16:12:00,SENS-1001,352,25,100
2026-08-11 16:27:00,SENS-1001,125,13,61
2026-08-11 16:42:00,SENS-1001,216,25,72
2026-08-11 16:57:00,SENS-1001,206,26,68
2026-08-11 17:12:00,SENS-1001,241,8,100
2026-08-11 17:27:00,SENS-1001,130,9,63
2026-08-11 17:42:00,SENS-1001,192,11,84
2026-08-11 17:57:00,SENS-1001,186,25,62
2026-08-11 18:12:00,SENS-1001,196,15,85
2026-08-11 18:27:00,SENS-1001,251,27,83
2026-08-11 18:42:00,SENS-1001,302,42,100
2026-08-11 18:57:00,SENS-1001,395,19,100
2026-08-11 19:12:00,SENS-1001,305,43,100
2026-08-11 19:27:00,SENS-1001,257,25,85
2026-08-11 19:42:00,SENS-1001,201,34,67
2026-08-11 19:57:00,SENS-1001,200,14,86
2026-08-11 20:12:00,SENS-1001,130,45,43
2026-08-11 20:27:00,SENS-1001,84,66,28
2026-08-11 20:42:00,SENS-1001,57,51,19
2026-08-11 20:57:00,SENS-1001,104,45,34
2026-08-11 21:12:00,SENS-1001,95,35,31
2026-08-11 21:27:00,SENS-1001,150,44,50
2026-08-11 21:42:00,SENS-1001,47,48,15
2026-08-11 21:57:00,SENS-1001,133,63,44
2026-08-11 22:12:00,SENS-1001,45,40,15
2026-08-11 22:27:00,SENS-1001,104,72,34
2026-08-11 22:42:00,SENS-1001,68,64,22
2026-08-11 22:57:00,SENS-1001,101,49,33
2026-08-11 23:12:00,SENS-1001,12,61,4
2026-08-11 23:27:00,SENS-1001,39,50,13
2026-08-11 23:42:00,SENS-1001,13,85,4
2026-08-11 23:57:00,SENS-1001,18,79,6
2026-08-12 00:12:00,SENS-1001,27,95,9
2026-08-12 00:27:00,SENS-1001,11,84,3
2026-08-12 00:42:00,SENS-1001,22,79,7
2026-08-12 00:57:00,SENS-1001,45,74,15
2026-08-12 01:12:00,SENS-1001,42,80,14
2026-08-12 01:27:00,SENS-1001,49,81,16
2026-08-12 01:42:00,SENS-1001,26,73,8
2026-08-12 01:57:00,SENS-1001,51,73,17
2026-08-12 02:12:00,SENS-1001,46,81,15
2026-08-12 02:27:00,SENS-1001,26,69,8
2026-08-12 02:42:00,SENS-1001,41,60,13
2026-08-12 02:57:00,SENS-1001,22,74,7
2026-08-12 03:12:00,SENS-1001,17,73,5
2026-08-12 03:27:00,SENS-1001,32,87,10
2026-08-12 03:42:00,SENS-1001,20,74,6
2026-08-12 03:57:00,SENS-1001,45,76,15
2026-08-12 04:12:00,SENS-1001,36,65,12
2026-08-12 04:27:00,SENS-1001,23,71,7
2026-08-12 04:42:00,SENS-1001,14,82,4
2026-08-12 04:57:00,SENS-1001,9,90,3
2026-08-12 05:12:00,SENS-1001,38,83,12
2026-08-12 05:27:00,SENS-1001,71,69,23
2026-08-12 05:42:00,SENS-1001,49,78,16
2026-08-12 05:57:00,SENS-1001,16,76,5
2026-08-12 06:12:00,SENS-1001,146,52,48
2026-08-12 06:27:00,SENS-1001,59,42,19
2026-08-12 06:42:00,SENS-1001,114,53,38
2026-08-12 06:57:00,SENS-1001,60,41,20
2026-08-12 07:12:00,SENS-1001,251,9,100
2026-08-12 07:27:00,SENS-1001,168,20,56
2026-08-12 07:42:00,SENS-1001,194,9,84
2026-08-12 07:57:00,SENS-1001,149,28,49
2026-08-12 08:12:00,SENS-1001,235,40,78
2026-08-12 08:27:00,SENS-1001,154,25,51
2026-08-12 08:42:00,SENS-1001,148,36,49
2026-08-12 08:57:00,SENS-1001,239,17,99
2026-08-12 09:12:00,SENS-1001,329,19,100
2026-08-12 09:27:00,SENS-1001,220,33,73
2026-08-12 09:42:00,SENS-1001,233,42,77
2026-08-12 09:57:00,SENS-1001,239,27,79
2026-08-12 10:12:00,SENS-1001,71,48,23
2026-08-12 10:27:00,SENS-1001,85,77,28
2026-08-12 10:42:00,SENS-1001,92,64,30
2026-08-12 10:57:00,SENS-1001,97,78,32
2026-08-12 11:12:00,SENS-1001,77,71,25
2026-08-12 11:27:00,SENS-1001,153,38,51
2026-08-12 11:42:00,SENS-1001,33,47,11
2026-08-12 11:57:00,SENS-1001,196,61,65
2026-08-12 12:12:00,SENS-1001,43,51,14
2026-08-12 12:27:00,SENS-1001,107,45,35
2026-08-12 12:42:00,SENS-1001,99,47,33
2026-08-12 12:57:00,SENS-1001,142,46,47
2026-08-12 13:12:00,SENS-1001,79,81,26
2026-08-12 13:27:00,SENS-1001,88,61,29
2026-08-12 13:42:00,SENS-1001,165,66,55
2026-08-12 13:57:00,SENS-1001,73,60,24
2026-08-12 14:12:00,SENS-1001,104,58,34
2026-08-12 14:27:00,SENS-1001,101,49,33
2026-08-12 14:42:00,SENS-1001,128,39,42
2026-08-12 14:57:00,SENS-1001,98,68,32
2026-08-12 15:12:00,SENS-1001,123,48,41
2026-08-12 15:27:00,SENS-1001,138,65,46
2026-08-12 15:42:00,SENS-1001,70,41,23
2026-08-12 15:57:00,SENS-1001,114,44,38
2026-08-12 16:12:00,SENS-1001,260,10,100
2026-08-12 16:27:00,SENS-1001,235,27,78
2026-08-12 16:42:00,SENS-1001,234,38,78
2026-08-12 16:57:00,SENS-1001,257,34,85
2026-08-12 17:12:00,SENS-1001,173,15,77
2026-08-12 17:27:00,SENS-1001,324,9,100
2026-08-12 17:42:00,SENS-1001,206,27,68
2026-08-12 17:57:00,SENS-1001,200,35,66
2026-08-12 18:12:00,SENS-1001,161,27,53
2026-08-12 18:27:00,SENS-1001,206,26,68
2026-08-12 18:42:00,SENS-1001,192,15,84
2026-08-12 18:57:00,SENS-1001,139,32,46
2026-08-12 19:12:00,SENS-1001,219,26,73
2026-08-12 19:27:00,SENS-1001,181,33,60
2026-08-12 19:42:00,SENS-1001,160,13,73
2026-08-12 19:57:00,SENS-1001,203,22,67
2026-08-12 20:12:00,SENS-1001,135,61,45
2026-08-12 20:27:00,SENS-1001,113,51,37
2026-08-12 20:42:00,SENS-1001,113,63,37
2026-08-12 20:57:00,SENS-1001,134,53,44
2026-08-12 21:12:00,SENS-1001,133,59,44
2026-08-12 21:27:00,SENS-1001,74,55,24
2026-08-12 21:42:00,SENS-1001,81,54,27
2026-08-12 21:57:00,SENS-1001,123,46,41
2026-08-12 22:12:00,SENS-1001,139,37,46
2026-08-12 22:27:00,SENS-1001,46,70,15
2026-08-12 22:42:00,SENS-1001,69,60,23
2026-08-12 22:57:00,SENS-1001,105,42,35
2026-08-12 23:12:00,SENS-1001,43,78,14
2026-08-12 23:27:00,SENS-1001,42,69,14
2026-08-12 23:42:00,SENS-1001,49,75,16
2026-08-12 23:57:00,SENS-1001,49,98,16
2026-08-13 00:12:00,SENS-1001,47,63,15
2026-08-13 00:27:00,SENS-1001,23,86,7
2026-08-13 00:42:00,SENS-1001,40,90,13
2026-08-13 00:57:00,SENS-1001,37,74,12
2026-08-13 01:12:00,SENS-1001,14,79,4
2026-08-13 01:27:00,SENS-1001,40,56,13
2026-08-13 01:42:00,SENS-1001,34,85,11
2026-08-13 01:57:00,SENS-1001,17,106,5
2026-08-13 02:12:00,SENS-1001,18,57,6
2026-08-13 02:27:00,SENS-1001,12,66,4
2026-08-13 02:42:00,SENS-1001,21,95,7
2026-08-13 02:57:00,SENS-1001,23,72,7
2026-08-13 03:12:00,SENS-1001,72,71,24
2026-08-13 03:27:00,SENS-1001,13,73,4
2026-08-13 03:42:00,SENS-1001,18,69,6
2026-08-13 03:57:00,SENS-1001,7,60,2
2026-08-13 04:12:00,SENS-1001,41,70,13
2026-08-13 04:27:00,SENS-1001,10,78,3
2026-08-13 04:42:00,SENS-1001,47,85,15
2026-08-13 04:57:00,SENS-1001,18,66,6
2026-08-13 05:12:00,SENS-1001,11,76,3
2026-08-13 05:27:00,SENS-1001,17,74,5
2026-08-13 05:42:00,SENS-1001,30,76,10
2026-08-13 05:57:00,SENS-1001,62,71,20
2026-08-13 06:12:00,SENS-1001,123,38,41
2026-08-13 06:27:00,SENS-1001,109,46,36
2026-08-13 06:42:00,SENS-1001,52,41,17
2026-08-13 06:57:00,SENS-1001,137,62,45
2026-08-13 07:12:00,SENS-1001,187,14,82
2026-08-13 07:27:00,SENS-1001,205,34,68
2026-08-13 07:42:00,SENS-1001,188,43,62
2026-08-13 07:57:00,SENS-1001,198,25,66
2026-08-13 08:12:00,SENS-1001,216,45,72
2026-08-13 08:27:00,SENS-1001,80,32,26
2026-08-13 08:42:00,SENS-1001,305,21,100
2026-08-13 08:57:00,SENS-1001,191,10,83
2026-08-13 09:12:00,SENS-1001,225,42,75
2026-08-13 09:27:00,SENS-1001,176,17,78
2026-08-13 09:42:00,SENS-1001,256,31,85
2026-08-13 09:57:00,SENS-1001,216,29,72
2026-08-13 10:12:00,SENS-1001,91,73,30
2026-08-13 10:27:00,SENS-1001,67,54,22
2026-08-13 10:42:00,SENS-1001,83,41,27
2026-08-13 10:57:00,SENS-1001,88,39,29
2026-08-13 11:12:00,SENS-1001,46,74,15
2026-08-13 11:27:00,SENS-1001,65,36,21
2026-08-13 11:42:00,SENS-1001,168,60,56
2026-08-13 11:57:00,SENS-1001,112,44,37
2026-08-13 12:12:00,SENS-1001,30,44,10
2026-08-13 12:27:00,SENS-1001,159,42,53
2026-08-13 12:42:00,SENS-1001,71,72,23
2026-08-13 12:57:00,SENS-1001,122,53,40
2026-08-13 13:12:00,SENS-1001,65,71,21
2026-08-13 13:27:00,SENS-1001,110,60,36
2026-08-13 13:42:00,SENS-1001,142,46,47
2026-08-13 13:57:00,SENS-1001,119,67,39
2026-08-13 14:12:00,SENS-1001,110,46,36
2026-08-13 14:27:00,SENS-1001,61,47,20
2026-08-13 14:42:00,SENS-1001,75,45,25
2026-08-13 14:57:00,SENS-1001,78,67,26
2026-08-13 15:12:00,SENS-1001,58,65,19
2026-08-13 15:27:00,SENS-1001,69,68,23
2026-08-13 15:42:00,SENS-1001,143,64,47
2026-08-13 15:57:00,SENS-1001,105,55,35
2026-08-13 16:12:00,SENS-1001,186,21,62
2026-08-13 16:27:00,SENS-1001,224,10,94
2026-08-13 16:42:00,SENS-1001,144,12,68
2026-08-13 16:57:00,SENS-1001,240,12,100
2026-08-13 17:12:00,SENS-1001,225,26,75
2026-08-13 17:27:00,SENS-1001,146,17,68
2026-08-13 17:42:00,SENS-1001,198,32,66
2026-08-13 17:57:00,SENS-1001,184,27,61
2026-08-13 18:12:00,SENS-1001,248,34,82
2026-08-13 18:27:00,SENS-1001,305,34,100
2026-08-13 18:42:00,SENS-1001,240,15,100
2026-08-13 18:57:00,SENS-1001,182,37,60
2026-08-13 19:12:00,SENS-1001,198,24,66
2026-08-13 19:27:00,SENS-1001,326,29,100
2026-08-13 19:42:00,SENS-1001,206,15,88
2026-08-13 19:57:00,SENS-1001,315,16,100
2026-08-13 20:12:00,SENS-1001,99,56,33
2026-08-13 20:27:00,SENS-1001,43,39,14
2026-08-13 20:42:00,SENS-1001,164,53,54
2026-08-13 20:57:00,SENS-1001,72,48,24
2026-08-13 21:12:00,SENS-1001,57,82,19
2026-08-13 21:27:00,SENS-1001,162,40,54
2026-08-13 21:42:00,SENS-1001,63,54,21
2026-08-13 21:57:00,SENS-1001,50,57,16
2026-08-13 22:12:00,SENS-1001,127,46,42
2026-08-13 22:27:00,SENS-1001,116,43,38
2026-08-13 22:42:00,SENS-1001,97,48,32
2026-08-13 22:57:00,SENS-1001,120,56,40
2026-08-13 23:12:00,SENS-1001,44,72,14
2026-08-13 23:27:00,SENS-1001,16,66,5
2026-08-13 23:42:00,SENS-1001,32,69,10
2026-08-13 23:57:00,SENS-1001,14,56,4
2026-08-14 00:12:00,SENS-1001,18,65,6
2026-08-14 00:27:00,SENS-1001,10,67,3
2026-08-14 00:42:00,SENS-1001,34,93,11
2026-08-14 00:57:00,SENS-1001,63,69,21
2026-08-14 01:12:00,SENS-1001,34,71,11
2026-08-14 01:27:00,SENS-1001,36,78,12
2026-08-14 01:42:00,SENS-1001,26,72,8
2026-08-14 01:57:00,SENS-1001,25,79,8
2026-08-14 02:12:00,SENS-1001,9,73,3
2026-08-14 02:27:00,SENS-1001,26,90,8
2026-08-14 02:42:00,SENS-1001,25,73,8
2026-08-14 02:57:00,SENS-1001,26,69,8
2026-08-14 03:12:00,SENS-1001,46,75,15
2026-08-14 03:27:00,SENS-1001,39,85,13
2026-08-14 03:42:00,SENS-1001,12,70,4
2026-08-14 03:57:00,SENS-1001,21,74,7
2026-08-14 04:12:00,SENS-1001,30,63,10
2026-08-14 04:27:00,SENS-1001,11,87,3
2026-08-14 04:42:00,SENS-1001,41,94,13
2026-08-14 04:57:00,SENS-1001,10,78,3
2026-08-14 05:12:00,SENS-1001,22,81,7
2026-08-14 05:27:00,SENS-1001,42,83,14
2026-08-14 05:42:00,SENS-1001,11,86,3
2026-08-14 05:57:00,SENS-1001,39,64,13
2026-08-14 06:12:00,SENS-1001,59,80,19
2026-08-14 06:27:00,SENS-1001,100,50,33
2026-08-14 06:42:00,SENS-1001,195,61,65
2026-08-14 06:57:00,SENS-1001,170,46,56
2026-08-14 07:12:00,SENS-1001,163,40,54
2026-08-14 07:27:00,SENS-1001,220,34,73
2026-08-14 07:42:00,SENS-1001,250,42,83
2026-08-14 07:57:00,SENS-1001,242,28,80
2026-08-14 08:12:00,SENS-1001,238,21,79
2026-08-14 08:27:00,SENS-1001,308,41,100
2026-08-14 08:42:00,SENS-1001,246,26,82
2026-08-14 08:57:00,SENS-1001,216,40,72
2026-08-14 09:12:00,SENS-1001,243,21,81
2026-08-14 09:27:00,SENS-1001,221,13,93
2026-08-14 09:42:00,SENS-1001,200,15,86
2026-08-14 09:57:00,SENS-1001,273,17,100
2026-08-14 10:12:00,SENS-1001,128,48,42
2026-08-14 10:27:00,SENS-1001,88,41,29
2026-08-14 10:42:00,SENS-1001,86,60,28
2026-08-14 10:57:00,SENS-1001,132,40,44
2026-08-14 11:12:00,SENS-1001,85,72,28
2026-08-14 11:27:00,SENS-1001,73,51,24
2026-08-14 11:42:00,SENS-1001,102,40,34
2026-08-14 11:57:00,SENS-1001,72,41,24
2026-08-14 12:12:00,SENS-1001,67,72,22
2026-08-14 12:27:00,SENS-1001,57,79,19
2026-08-14 12:42:00,SENS-1001,65,68,21
2026-08-14 12:57:00,SENS-1001,152,49,50
2026-08-14 13:12:00,SENS-1001,107,48,35
2026-08-14 13:27:00,SENS-1001,93,76,31
2026-08-14 13:42:00,SENS-1001,81,37,27
2026-08-14 13:57:00,SENS-1001,63,67,21
2026-08-14 14:12:00,SENS-1001,95,39,31
2026-08-14 14:27:00,SENS-1001,127,65,42
2026-08-14 14:42:00,SENS-1001,122,71,40
2026-08-14 14:57:00,SENS-1001,76,53,25
2026-08-14 15:12:00,SENS-1001,147,46,49
2026-08-14 15:27:00,SENS-1001,79,59,26
2026-08-14 15:42:00,SENS-1001,59,74,19
2026-08-14 15:57:00,SENS-1001,147,53,49
2026-08-14 16:12:00,SENS-1001,240,41,80
2026-08-14 16:27:00,SENS-1001,313,12,100
2026-08-14 16:42:00,SENS-1001,255,33,85
2026-08-14 16:57:00,SENS-1001,297,43,99
2026-08-14 17:12:00,SENS-1001,126,32,42
2026-08-14 17:27:00,SENS-1001,236,20,78
2026-08-14 17:42:00,SENS-1001,276,11,100
2026-08-14 17:57:00,SENS-1001,253,41,84
2026-08-14 18:12:00,SENS-1001,225,20,75
2026-08-14 18:27:00,SENS-1001,212,37,70
2026-08-14 18:42:00,SENS-1001,272,11,100
2026-08-14 18:57:00,SENS-1001,146,13,68
2026-08-14 19:12:00,SENS-1001,143,16,67
2026-08-14 19:27:00,SENS-1001,319,15,100
2026-08-14 19:42:00,SENS-1001,258,18,100
2026-08-14 19:57:00,SENS-1001,329,31,100
2026-08-07 19:57:00,SENS-1002,194,44,64
2026-08-07 20:12:00,SENS-1002,154,77,51
2026-08-07 20:27:00,SENS-1002,168,62,56
2026-08-07 20:42:00,SENS-1002,82,67,27
2026-08-07 20:57:00,SENS-1002,69,37,23
2026-08-07 21:12:00,SENS-1002,62,58,20
2026-08-07 21:27:00,SENS-1002,111,65,37
2026-08-07 21:42:00,SENS-1002,127,66,42
2026-08-07 21:57:00,SENS-1002,98,59,32
2026-08-07 22:12:00,SENS-1002,55,39,18
2026-08-07 22:27:00,SENS-1002,151,53,50
2026-08-07 22:42:00,SENS-1002,68,64,22
2026-08-07 22:57:00,SENS-1002,117,61,39
2026-08-07 23:12:00,SENS-1002,41,52,13
2026-08-07 23:27:00,SENS-1002,47,72,15
2026-08-07 23:42:00,SENS-1002,26,59,8
2026-08-07 23:57:00,SENS-1002,40,70,13
2026-08-08 00:12:00,SENS-1002,12,65,4
2026-08-08 00:27:00,SENS-1002,10,63,3
2026-08-08 00:42:00,SENS-1002,40,81,13
2026-08-08 00:57:00,SENS-1002,21,69,7
2026-08-08 01:12:00,SENS-1002,39,71,13
2026-08-08 01:27:00,SENS-1002,47,76,15
2026-08-08 01:42:00,SENS-1002,32,95,10
2026-08-08 01:57:00,SENS-1002,21,78,7
2026-08-08 02:12:00,SENS-1002,26,65,8
2026-08-08 02:27:00,SENS-1002,51,55,17
2026-08-08 02:42:00,SENS-1002,31,77,10
2026-08-08 02:57:00,SENS-1002,37,87,12
2026-08-08 03:12:00,SENS-1002,38,78,12
2026-08-08 03:27:00,SENS-1002,46,105,15
2026-08-08 03:42:00,SENS-1002,21,84,7
2026-08-08 03:57:00,SENS-1002,8,68,2
2026-08-08 04:12:00,SENS-1002,33,73,11
2026-08-08 04:27:00,SENS-1002,13,94,4
2026-08-08 04:42:00,SENS-1002,21,73,7
2026-08-08 04:57:00,SENS-1002,68,86,22
2026-08-08 05:12:00,SENS-1002,20,65,6
2026-08-08 05:27:00,SENS-1002,12,80,4
2026-08-08 05:42:00,SENS-1002,51,76,17
2026-08-08 05:57:00,SENS-1002,42,82,14
2026-08-08 06:12:00,SENS-1002,107,67,35
2026-08-08 06:27:00,SENS-1002,58,62,19
2026-08-08 06:42:00,SENS-1002,71,60,23
2026-08-08 06:57:00,SENS-1002,60,60,20
2026-08-08 07:12:00,SENS-1002,213,23,71
2026-08-08 07:27:00,SENS-1002,252,39,84
2026-08-08 07:42:00,SENS-1002,308,19,100
2026-08-08 07:57:00,SENS-1002,289,27,96
2026-08-08 08:12:00,SENS-1002,195,8,85
2026-08-08 08:27:00,SENS-1002,156,14,72
2026-08-08 08:42:00,SENS-1002,186,40,62
2026-08-08 08:57:00,SENS-1002,277,14,100
2026-08-08 09:12:00,SENS-1002,281,18,100
2026-08-08 09:27:00,SENS-1002,225,12,95
2026-08-08 09:42:00,SENS-1002,288,18,100
2026-08-08 09:57:00,SENS-1002,376,38,100
2026-08-08 10:12:00,SENS-1002,63,59,21
2026-08-08 10:27:00,SENS-1002,114,57,38
2026-08-08 10:42:00,SENS-1002,62,71,20
2026-08-08 10:57:00,SENS-1002,27,62,9
2026-08-08 11:12:00,SENS-1002,64,56,21
2026-08-08 11:27:00,SENS-1002,149,49,49
2026-08-08 11:42:00,SENS-1002,68,46,22
2026-08-08 11:57:00,SENS-1002,127,68,42
2026-08-08 12:12:00,SENS-1002,70,50,23
2026-08-08 12:27:00,SENS-1002,155,41,51
2026-08-08 12:42:00,SENS-1002,125,56,41
2026-08-08 12:57:00,SENS-1002,69,64,23
2026-08-08 13:12:00,SENS-1002,71,60,23
2026-08-08 13:27:00,SENS-1002,79,41,26
2026-08-08 13:42:00,SENS-1002,68,60,22
2026-08-08 13:57:00,SENS-1002,103,49,34
2026-08-08 14:12:00,SENS-1002,98,54,32
2026-08-08 14:27:00,SENS-1002,77,69,25
2026-08-08 14:42:00,SENS-1002,116,60,38
2026-08-08 14:57:00,SENS-1002,129,39,43
2026-08-08 15:12:00,SENS-1002,97,37,32
2026-08-08 15:27:00,SENS-1002,109,51,36
2026-08-08 15:42:00,SENS-1002,80,51,26
2026-08-08 15:57:00,SENS-1002,62,52,20
2026-08-08 16:12:00,SENS-1002,186,42,62
2026-08-08 16:27:00,SENS-1002,229,22,76
2026-08-08 16:42:00,SENS-1002,151,34,50
2026-08-08 16:57:00,SENS-1002,246,24,82
2026-08-08 17:12:00,SENS-1002,172,22,57
2026-08-08 17:27:00,SENS-1002,225,35,75
2026-08-08 17:42:00,SENS-1002,158,20,52
2026-08-08 17:57:00,SENS-1002,268,38,89
2026-08-08 18:12:00,SENS-1002,365,17,100
2026-08-08 18:27:00,SENS-1002,161,26,53
2026-08-08 18:42:00,SENS-1002,122,27,40
2026-08-08 18:57:00,SENS-1002,295,21,98
2026-08-08 19:12:00,SENS-1002,179,39,59
2026-08-08 19:27:00,SENS-1002,186,10,82
2026-08-08 19:42:00,SENS-1002,229,31,76
2026-08-08 19:57:00,SENS-1002,169,31,56
2026-08-08 20:12:00,SENS-1002,131,43,43
2026-08-08 20:27:00,SENS-1002,69,46,23
2026-08-08 20:42:00,SENS-1002,67,47,22
2026-08-08 20:57:00,SENS-1002,125,52,41
2026-08-08 21:12:00,SENS-1002,72,66,24
2026-08-08 21:27:00,SENS-1002,78,51,26
2026-08-08 21:42:00,SENS-1002,112,66,37
2026-08-08 21:57:00,SENS-1002,132,51,44
2026-08-08 22:12:00,SENS-1002,180,41,60
2026-08-08 22:27:00,SENS-1002,58,52,19
2026-08-08 22:42:00,SENS-1002,168,63,56
2026-08-08 22:57:00,SENS-1002,40,41,13
2026-08-08 23:12:00,SENS-1002,23,92,7
2026-08-08 23:27:00,SENS-1002,57,65,19
2026-08-08 23:42:00,SENS-1002,29,68,9
2026-08-08 23:57:00,SENS-1002,30,60,10
2026-08-09 00:12:00,SENS-1002,22,66,7
2026-08-09 00:27:00,SENS-1002,26,73,8
2026-08-09 00:42:00,SENS-1002,35,85,11
2026-08-09 00:57:00,SENS-1002,17,68,5
2026-08-09 01:12:00,SENS-1002,24,69,8
2026-08-09 01:27:00,SENS-1002,18,74,6
2026-08-09 01:42:00,SENS-1002,57,69,19
2026-08-09 01:57:00,SENS-1002,18,68,6
2026-08-09 02:12:00,SENS-1002,45,60,15
2026-08-09 02:27:00,SENS-1002,49,70,16
2026-08-09 02:42:00,SENS-1002,24,85,8
2026-08-09 02:57:00,SENS-1002,36,79,12
2026-08-09 03:12:00,SENS-1002,51,66,17
2026-08-09 03:27:00,SENS-1002,41,60,13
2026-08-09 03:42:00,SENS-1002,23,72,7
2026-08-09 03:57:00,SENS-1002,39,52,13
2026-08-09 04:12:00,SENS-1002,17,83,5
2026-08-09 04:27:00,SENS-1002,14,107,4
2026-08-09 04:42:00,SENS-1002,36,75,12
2026-08-09 04:57:00,SENS-1002,39,82,13
2026-08-09 05:12:00,SENS-1002,22,70,7
2026-08-09 05:27:00,SENS-1002,19,77,6
2026-08-09 05:42:00,SENS-1002,17,76,5
2026-08-09 05:57:00,SENS-1002,35,64,11
2026-08-09 06:12:00,SENS-1002,68,52,22
2026-08-09 06:27:00,SENS-1002,123,57,41
2026-08-09 06:42:00,SENS-1002,81,38,27
2026-08-09 06:57:00,SENS-1002,192,46,64
2026-08-09 07:12:00,SENS-1002,174,38,57
2026-08-09 07:27:00,SENS-1002,135,21,45
2026-08-09 07:42:00,SENS-1002,292,40,97
2026-08-09 07:57:00,SENS-1002,188,17,82
2026-08-09 08:12:00,SENS-1002,177,12,79
2026-08-09 08:27:00,SENS-1002,294,12,100
2026-08-09 08:42:00,SENS-1002,221,30,73
2026-08-09 08:57:00,SENS-1002,205,20,68
2026-08-09 09:12:00,SENS-1002,157,26,52
2026-08-09 09:27:00,SENS-1002,209,17,89
2026-08-09 09:42:00,SENS-1002,166,32,55
2026-08-09 09:57:00,SENS-1002,264,12,100
2026-08-09 10:12:00,SENS-1002,43,45,14
2026-08-09 10:27:00,SENS-1002,47,52,15
2026-08-09 10:42:00,SENS-1002,132,62,44
2026-08-09 10:57:00,SENS-1002,49,50,16
2026-08-09 11:12:00,SENS-1002,113,75,37
2026-08-09 11:27:00,SENS-1002,98,56,32
2026-08-09 11:42:00,SENS-1002,92,69,30
2026-08-09 11:57:00,SENS-1002,145,63,48
2026-08-09 12:12:00,SENS-1002,49,79,16
2026-08-09 12:27:00,SENS-1002,159,40,53
2026-08-09 12:42:00,SENS-1002,172,78,57
2026-08-09 12:57:00,SENS-1002,82,71,27
2026-08-09 13:12:00,SENS-1002,100,69,33
2026-08-09 13:27:00,SENS-1002,132,40,44
2026-08-09 13:42:00,SENS-1002,70,45,23
2026-08-09 13:57:00,SENS-1002,96,37,32
2026-08-09 14:12:00,SENS-1002,51,57,17
2026-08-09 14:27:00,SENS-1002,90,52,30
2026-08-09 14:42:00,SENS-1002,124,63,41
2026-08-09 14:57:00,SENS-1002,168,56,56
2026-08-09 15:12:00,SENS-1002,203,47,67
2026-08-09 15:27:00,SENS-1002,86,46,28
2026-08-09 15:42:00,SENS-1002,97,68,32
2026-08-09 15:57:00,SENS-1002,102,51,34
2026-08-09 16:12:00,SENS-1002,269,33,89
2026-08-09 16:27:00,SENS-1002,220,27,73
2026-08-09 16:42:00,SENS-1002,189,17,83
2026-08-09 16:57:00,SENS-1002,182,18,80
2026-08-09 17:12:00,SENS-1002,202,18,87
2026-08-09 17:27:00,SENS-1002,240,25,80
2026-08-09 17:42:00,SENS-1002,296,26,98
2026-08-09 17:57:00,SENS-1002,140,43,46
2026-08-09 18:12:00,SENS-1002,161,23,53
2026-08-09 18:27:00,SENS-1002,340,20,100
2026-08-09 18:42:00,SENS-1002,224,26,74
2026-08-09 18:57:00,SENS-1002,172,8,77
2026-08-09 19:12:00,SENS-1002,178,10,79
2026-08-09 19:27:00,SENS-1002,209,14,89
2026-08-09 19:42:00,SENS-1002,154,38,51
2026-08-09 19:57:00,SENS-1002,354,11,100
2026-08-09 20:12:00,SENS-1002,60,56,20
2026-08-09 20:27:00,SENS-1002,69,46,23
2026-08-09 20:42:00,SENS-1002,164,47,54
2026-08-09 20:57:00,SENS-1002,88,49,29
2026-08-09 21:12:00,SENS-1002,65,52,21
2026-08-09 21:27:00,SENS-1002,83,43,27
2026-08-09 21:42:00,SENS-1002,79,51,26
2026-08-09 21:57:00,SENS-1002,94,74,31
2026-08-09 22:12:00,SENS-1002,81,54,27
2026-08-09 22:27:00,SENS-1002,187,54,62
2026-08-09 22:42:00,SENS-1002,107,39,35
2026-08-09 22:57:00,SENS-1002,53,44,17
2026-08-09 23:12:00,SENS-1002,28,58,9
2026-08-09 23:27:00,SENS-1002,7,66,2
2026-08-09 23:42:00,SENS-1002,41,77,13
2026-08-09 23:57:00,SENS-1002,28,62,9
2026-08-10 00:12:00,SENS-1002,39,69,13
2026-08-10 00:27:00,SENS-1002,14,66,4
2026-08-10 00:42:00,SENS-1002,56,70,18
2026-08-10 00:57:00,SENS-1002,43,71,14
2026-08-10 01:12:00,SENS-1002,36,86,12
2026-08-10 01:27:00,SENS-1002,33,81,11
2026-08-10 01:42:00,SENS-1002,28,69,9
2026-08-10 01:57:00,SENS-1002,27,67,9
2026-08-10 02:12:00,SENS-1002,31,80,10
2026-08-10 02:27:00,SENS-1002,26,80,8
2026-08-10 02:42:00,SENS-1002,32,92,10
2026-08-10 02:57:00,SENS-1002,51,53,17
2026-08-10 03:12:00,SENS-1002,29,80,9
2026-08-10 03:27:00,SENS-1002,28,75,9
2026-08-10 03:42:00,SENS-1002,27,79,9
2026-08-10 03:57:00,SENS-1002,37,93,12
2026-08-10 04:12:00,SENS-1002,24,65,8
2026-08-10 04:27:00,SENS-1002,13,67,4
2026-08-10 04:42:00,SENS-1002,39,90,13
2026-08-10 04:57:00,SENS-1002,23,67,7
2026-08-10 05:12:00,SENS-1002,20,85,6
2026-08-10 05:27:00,SENS-1002,22,87,7
2026-08-10 05:42:00,SENS-1002,51,69,17
2026-08-10 05:57:00,SENS-1002,23,105,7
2026-08-10 06:12:00,SENS-1002,145,63,48
2026-08-10 06:27:00,SENS-1002,95,41,31
2026-08-10 06:42:00,SENS-1002,113,65,37
2026-08-10 06:57:00,SENS-1002,55,47,18
2026-08-10 07:12:00,SENS-1002,237,29,79
2026-08-10 07:27:00,SENS-1002,177,34,59
2026-08-10 07:42:00,SENS-1002,158,29,52
2026-08-10 07:57:00,SENS-1002,191,22,63
2026-08-10 08:12:00,SENS-1002,123,29,41
2026-08-10 08:27:00,SENS-1002,201,32,67
2026-08-10 08:42:00,SENS-1002,155,28,51
2026-08-10 08:57:00,SENS-1002,168,38,56
2026-08-10 09:12:00,SENS-1002,402,16,100
2026-08-10 09:27:00,SENS-1002,269,18,100
2026-08-10 09:42:00,SENS-1002,297,21,99
2026-08-10 09:57:00,SENS-1002,176,18,78
2026-08-10 10:12:00,SENS-1002,134,57,44
2026-08-10 10:27:00,SENS-1002,103,57,34
2026-08-10 10:42:00,SENS-1002,110,55,36
2026-08-10 10:57:00,SENS-1002,58,64,19
2026-08-10 11:12:00,SENS-1002,123,64,41
2026-08-10 11:27:00,SENS-1002,142,57,47
2026-08-10 11:42:00,SENS-1002,69,50,23
2026-08-10 11:57:00,SENS-1002,118,70,39
2026-08-10 12:12:00,SENS-1002,68,58,22
2026-08-10 12:27:00,SENS-1002,70,61,23
2026-08-10 12:42:00,SENS-1002,97,57,32
2026-08-10 12:57:00,SENS-1002,77,50,25
2026-08-10 13:12:00,SENS-1002,36,60,12
2026-08-10 13:27:00,SENS-1002,86,47,28
2026-08-10 13:42:00,SENS-1002,60,65,20
2026-08-10 13:57:00,SENS-1002,84,46,28
2026-08-10 14:12:00,SENS-1002,92,57,30
2026-08-10 14:27:00,SENS-1002,81,68,27
2026-08-10 14:42:00,SENS-1002,98,57,32
2026-08-10 14:57:00,SENS-1002,94,74,31
2026-08-10 15:12:00,SENS-1002,118,69,39
2026-08-10 15:27:00,SENS-1002,39,77,13
2026-08-10 15:42:00,SENS-1002,54,54,18
2026-08-10 15:57:00,SENS-1002,148,43,49
2026-08-10 16:12:00,SENS-1002,321,33,100
2026-08-10 16:27:00,SENS-1002,225,15,95
2026-08-10 16:42:00,SENS-1002,327,14,100
2026-08-10 16:57:00,SENS-1002,264,9,100
2026-08-10 17:12:00,SENS-1002,180,28,60
2026-08-10 17:27:00,SENS-1002,234,28,78
2026-08-10 17:42:00,SENS-1002,193,19,84
2026-08-10 17:57:00,SENS-1002,313,31,100
2026-08-10 18:12:00,SENS-1002,183,21,61
2026-08-10 18:27:00,SENS-1002,181,15,80
2026-08-10 18:42:00,SENS-1002,266,29,88
2026-08-10 18:57:00,SENS-1002,202,29,67
2026-08-10 19:12:00,SENS-1002,324,21,100
2026-08-10 19:27:00,SENS-1002,233,32,77
2026-08-10 19:42:00,SENS-1002,255,35,85
2026-08-10 19:57:00,SENS-1002,162,15,74
2026-08-10 20:12:00,SENS-1002,133,58,44
2026-08-10 20:27:00,SENS-1002,138,56,46
2026-08-10 20:42:00,SENS-1002,125,77,41
2026-08-10 20:57:00,SENS-1002,62,51,20
2026-08-10 21:12:00,SENS-1002,94,61,31
2026-08-10 21:27:00,SENS-1002,84,57,28
2026-08-10 21:42:00,SENS-1002,199,54,66
2026-08-10 21:57:00,SENS-1002,77,46,25
2026-08-10 22:12:00,SENS-1002,47,66,15
2026-08-10 22:27:00,SENS-1002,84,35,28
2026-08-10 22:42:00,SENS-1002,110,54,36
2026-08-10 22:57:00,SENS-1002,118,62,39
2026-08-10 23:12:00,SENS-1002,17,88,5
2026-08-10 23:27:00,SENS-1002,42,77,14
2026-08-10 23:42:00,SENS-1002,21,61,7
2026-08-10 23:57:00,SENS-1002,29,75,9
2026-08-11 00:12:00,SENS-1002,21,94,7
2026-08-11 00:27:00,SENS-1002,17,72,5
2026-08-11 00:42:00,SENS-1002,67,71,22
2026-08-11 00:57:00,SENS-1002,41,67,13
2026-08-11 01:12:00,SENS-1002,19,86,6
2026-08-11 01:27:00,SENS-1002,31,83,10
2026-08-11 01:42:00,SENS-1002,29,69,9
2026-08-11 01:57:00,SENS-1002,38,91,12
2026-08-11 02:12:00,SENS-1002,65,74,21
2026-08-11 02:27:00,SENS-1002,29,69,9
2026-08-11 02:42:00,SENS-1002,26,63,8
2026-08-11 02:57:00,SENS-1002,32,78,10
2026-08-11 03:12:00,SENS-1002,28,53,9
2026-08-11 03:27:00,SENS-1002,46,74,15
2026-08-11 03:42:00,SENS-1002,17,104,5
2026-08-11 03:57:00,SENS-1002,15,90,5
2026-08-11 04:12:00,SENS-1002,16,70,5
2026-08-11 04:27:00,SENS-1002,34,74,11
2026-08-11 04:42:00,SENS-1002,26,69,8
2026-08-11 04:57:00,SENS-1002,16,86,5
2026-08-11 05:12:00,SENS-1002,33,82,11
2026-08-11 05:27:00,SENS-1002,50,89,16
2026-08-11 05:42:00,SENS-1002,36,81,12
2026-08-11 05:57:00,SENS-1002,18,70,6
2026-08-11 06:12:00,SENS-1002,102,73,34
2026-08-11 06:27:00,SENS-1002,115,55,38
2026-08-11 06:42:00,SENS-1002,58,66,19
2026-08-11 06:57:00,SENS-1002,148,75,49
2026-08-11 07:12:00,SENS-1002,209,34,69
2026-08-11 07:27:00,SENS-1002,240,10,100
2026-08-11 07:42:00,SENS-1002,268,36,89
2026-08-11 07:57:00,SENS-1002,173,13,77
2026-08-11 08:12:00,SENS-1002,169,13,76
2026-08-11 08:27:00,SENS-1002,177,23,59
2026-08-11 08:42:00,SENS-1002,190,29,63
2026-08-11 08:57:00,SENS-1002,226,18,95
2026-08-11 09:12:00,SENS-1002,191,9,83
2026-08-11 09:27:00,SENS-1002,262,15,100
2026-08-11 09:42:00,SENS-1002,246,37,82
2026-08-11 09:57:00,SENS-1002,203,33,67
2026-08-11 10:12:00,SENS-1002,97,36,32
2026-08-11 10:27:00,SENS-1002,108,44,36
2026-08-11 10:42:00,SENS-1002,162,57,54
2026-08-11 10:57:00,SENS-1002,50,43,16
2026-08-11 11:12:00,SENS-1002,117,65,39
2026-08-11 11:27:00,SENS-1002,92,46,30
2026-08-11 11:42:00,SENS-1002,77,44,25
2026-08-11 11:57:00,SENS-1002,129,54,43
2026-08-11 12:12:00,SENS-1002,161,49,53
2026-08-11 12:27:00,SENS-1002,141,51,47
2026-08-11 12:42:00,SENS-1002,86,50,28
2026-08-11 12:57:00,SENS-1002,70,54,23
2026-08-11 13:12:00,SENS-1002,78,55,26
2026-08-11 13:27:00,SENS-1002,42,42,14
2026-08-11 13:42:00,SENS-1002,71,46,23
2026-08-11 13:57:00,SENS-1002,114,56,38
2026-08-11 14:12:00,SENS-1002,89,61,29
2026-08-11 14:27:00,SENS-1002,66,56,22
2026-08-11 14:42:00,SENS-1002,101,48,33
2026-08-11 14:57:00,SENS-1002,152,46,50
2026-08-11 15:12:00,SENS-1002,144,76,48
2026-08-11 15:27:00,SENS-1002,136,35,45
2026-08-11 15:42:00,SENS-1002,131,38,43
2026-08-11 15:57:00,SENS-1002,48,37,16
2026-08-11 16:12:00,SENS-1002,209,29,69
2026-08-11 16:27:00,SENS-1002,315,35,100
2026-08-11 16:42:00,SENS-1002,265,20,88
2026-08-11 16:57:00,SENS-1002,139,36,46
2026-08-11 17:12:00,SENS-1002,225,40,75
2026-08-11 17:27:00,SENS-1002,239,36,79
2026-08-11 17:42:00,SENS-1002,308,35,100
2026-08-11 17:57:00,SENS-1002,227,11,95
2026-08-11 18:12:00,SENS-1002,311,12,100
2026-08-11 18:27:00,SENS-1002,206,12,88
2026-08-11 18:42:00,SENS-1002,261,23,87
2026-08-11 18:57:00,SENS-1002,203,32,67
2026-08-11 19:12:00,SENS-1002,212,23,70
2026-08-11 19:27:00,SENS-1002,189,25,63
2026-08-11 19:42:00,SENS-1002,243,38,81
2026-08-11 19:57:00,SENS-1002,161,21,53
2026-08-11 20:12:00,SENS-1002,104,65,34
2026-08-11 20:27:00,SENS-1002,94,44,31
2026-08-11 20:42:00,SENS-1002,104,48,34
2026-08-11 20:57:00,SENS-1002,112,77,37
2026-08-11 21:12:00,SENS-1002,77,43,25
2026-08-11 21:27:00,SENS-1002,95,38,31
2026-08-11 21:42:00,SENS-1002,115,48,38
2026-08-11 21:57:00,SENS-1002,188,42,62
2026-08-11 22:12:00,SENS-1002,162,63,54
2026-08-11 22:27:00,SENS-1002,51,54,17
2026-08-11 22:42:00,SENS-1002,99,50,33
2026-08-11 22:57:00,SENS-1002,141,45,47
2026-08-11 23:12:00,SENS-1002,13,100,4
2026-08-11 23:27:00,SENS-1002,18,59,6
2026-08-11 23:42:00,SENS-1002,37,79,12
2026-08-11 23:57:00,SENS-1002,44,81,14
2026-08-12 00:12:00,SENS-1002,22,75,7
2026-08-12 00:27:00,SENS-1002,42,61,14
2026-08-12 00:42:00,SENS-1002,18,81,6
2026-08-12 00:57:00,SENS-1002,40,86,13
2026-08-12 01:12:00,SENS-1002,39,62,13
2026-08-12 01:27:00,SENS-1002,11,85,3
2026-08-12 01:42:00,SENS-1002,27,89,9
2026-08-12 01:57:00,SENS-1002,49,87,16
2026-08-12 02:12:00,SENS-1002,23,66,7
2026-08-12 02:27:00,SENS-1002,38,84,12
2026-08-12 02:42:00,SENS-1002,22,77,7
2026-08-12 02:57:00,SENS-1002,10,81,3
2026-08-12 03:12:00,SENS-1002,21,54,7
2026-08-12 03:27:00,SENS-1002,16,62,5
2026-08-12 03:42:00,SENS-1002,24,91,8
2026-08-12 03:57:00,SENS-1002,29,84,9
2026-08-12 04:12:00,SENS-1002,26,86,8
2026-08-12 04:27:00,SENS-1002,19,102,6
2026-08-12 04:42:00,SENS-1002,52,66,17
2026-08-12 04:57:00,SENS-1002,35,72,11
2026-08-12 05:12:00,SENS-1002,31,67,10
2026-08-12 05:27:00,SENS-1002,32,83,10
2026-08-12 05:42:00,SENS-1002,56,89,18
2026-08-12 05:57:00,SENS-1002,19,86,6
2026-08-12 06:12:00,SENS-1002,57,56,19
2026-08-12 06:27:00,SENS-1002,79,65,26
2026-08-12 06:42:00,SENS-1002,98,54,32
2026-08-12 06:57:00,SENS-1002,59,66,19
2026-08-12 07:12:00,SENS-1002,212,19,90
2026-08-12 07:27:00,SENS-1002,110,19,56
2026-08-12 07:42:00,SENS-1002,300,12,100
2026-08-12 07:57:00,SENS-1002,324,31,100
2026-08-12 08:12:00,SENS-1002,174,26,57
2026-08-12 08:27:00,SENS-1002,249,36,83
2026-08-12 08:42:00,SENS-1002,258,36,86
2026-08-12 08:57:00,SENS-1002,169,13,76
2026-08-12 09:12:00,SENS-1002,290,18,100
2026-08-12 09:27:00,SENS-1002,205,29,68
2026-08-12 09:42:00,SENS-1002,299,37,99
2026-08-12 09:57:00,SENS-1002,128,9,62
2026-08-12 10:12:00,SENS-1002,159,63,53
2026-08-12 10:27:00,SENS-1002,110,58,36
2026-08-12 10:42:00,SENS-1002,50,63,16
2026-08-12 10:57:00,SENS-1002,63,43,21
2026-08-12 11:12:00,SENS-1002,131,71,43
2026-08-12 11:27:00,SENS-1002,76,44,25
2026-08-12 11:42:00,SENS-1002,48,41,16
2026-08-12 11:57:00,SENS-1002,145,47,48
2026-08-12 12:12:00,SENS-1002,57,67,19
2026-08-12 12:27:00,SENS-1002,71,44,23
2026-08-12 12:42:00,SENS-1002,61,58,20
2026-08-12 12:57:00,SENS-1002,65,56,21
2026-08-12 13:12:00,SENS-1002,39,54,13
2026-08-12 13:27:00,SENS-1002,109,54,36
2026-08-12 13:42:00,SENS-1002,103,66,34
2026-08-12 13:57:00,SENS-1002,87,49,28
2026-08-12 14:12:00,SENS-1002,100,63,33
2026-08-12 14:27:00,SENS-1002,86,50,28
2026-08-12 14:42:00,SENS-1002,117,47,39
2026-08-12 14:57:00,SENS-1002,83,48,27
2026-08-12 15:12:00,SENS-1002,47,46,15
2026-08-12 15:27:00,SENS-1002,184,38,61
2026-08-12 15:42:00,SENS-1002,108,41,36
2026-08-12 15:57:00,SENS-1002,109,52,36
2026-08-12 16:12:00,SENS-1002,353,7,100
2026-08-12 16:27:00,SENS-1002,103,24,34
2026-08-12 16:42:00,SENS-1002,231,28,77
2026-08-12 16:57:00,SENS-1002,196,10,85
2026-08-12 17:12:00,SENS-1002,266,21,88
2026-08-12 17:27:00,SENS-1002,143,37,47
2026-08-12 17:42:00,SENS-1002,208,14,89
2026-08-12 17:57:00,SENS-1002,183,22,61
2026-08-12 18:12:00,SENS-1002,362,22,100
2026-08-12 18:27:00,SENS-1002,182,12,80
2026-08-12 18:42:00,SENS-1002,215,41,71
2026-08-12 18:57:00,SENS-1002,271,34,90
2026-08-12 19:12:00,SENS-1002,194,32,64
2026-08-12 19:27:00,SENS-1002,228,11,96
2026-08-12 19:42:00,SENS-1002,145,40,48
2026-08-12 19:57:00,SENS-1002,247,28,82
2026-08-12 20:12:00,SENS-1002,47,58,15
2026-08-12 20:27:00,SENS-1002,152,48,50
2026-08-12 20:42:00,SENS-1002,118,43,39
2026-08-12 20:57:00,SENS-1002,110,49,36
2026-08-12 21:12:00,SENS-1002,119,39,39
2026-08-12 21:27:00,SENS-1002,61,58,20
2026-08-12 21:42:00,SENS-1002,148,56,49
2026-08-12 21:57:00,SENS-1002,116,46,38
2026-08-12 22:12:00,SENS-1002,135,66,45
2026-08-12 22:27:00,SENS-1002,63,63,21
2026-08-12 22:42:00,SENS-1002,37,51,12
2026-08-12 22:57:00,SENS-1002,61,64,20
2026-08-12 23:12:00,SENS-1002,47,82,15
2026-08-12 23:27:00,SENS-1002,20,92,6
2026-08-12 23:42:00,SENS-1002,11,96,3
2026-08-12 23:57:00,SENS-1002,13,84,4
2026-08-13 00:12:00,SENS-1002,35,82,11
2026-08-13 00:27:00,SENS-1002,30,65,10
2026-08-13 00:42:00,SENS-1002,14,76,4
2026-08-13 00:57:00,SENS-1002,17,89,5
2026-08-13 01:12:00,SENS-1002,32,61,10
2026-08-13 01:27:00,SENS-1002,18,63,6
2026-08-13 01:42:00,SENS-1002,32,63,10
2026-08-13 01:57:00,SENS-1002,10,76,3
2026-08-13 02:12:00,SENS-1002,50,79,16
2026-08-13 02:27:00,SENS-1002,32,74,10
2026-08-13 02:42:00,SENS-1002,37,57,12
2026-08-13 02:57:00,SENS-1002,21,76,7
2026-08-13 03:12:00,SENS-1002,21,91,7
2026-08-13 03:27:00,SENS-1002,57,58,19
2026-08-13 03:42:00,SENS-1002,11,90,3
2026-08-13 03:57:00,SENS-1002,31,61,10
2026-08-13 04:12:00,SENS-1002,58,85,19
2026-08-13 04:27:00,SENS-1002,22,60,7
2026-08-13 04:42:00,SENS-1002,17,87,5
2026-08-13 04:57:00,SENS-1002,35,75,11
2026-08-13 05:12:00,SENS-1002,15,67,5
2026-08-13 05:27:00,SENS-1002,21,79,7
2026-08-13 05:42:00,SENS-1002,32,81,10
2026-08-13 05:57:00,SENS-1002,46,73,15
2026-08-13 06:12:00,SENS-1002,103,64,34
2026-08-13 06:27:00,SENS-1002,128,56,42
2026-08-13 06:42:00,SENS-1002,118,58,39
2026-08-13 06:57:00,SENS-1002,57,55,19
2026-08-13 07:12:00,SENS-1002,224,21,74
2026-08-13 07:27:00,SENS-1002,199,17,86
2026-08-13 07:42:00,SENS-1002,319,17,100
2026-08-13 07:57:00,SENS-1002,167,33,55
2026-08-13 08:12:00,SENS-1002,156,29,52
2026-08-13 08:27:00,SENS-1002,360,8,100
2026-08-13 08:42:00,SENS-1002,179,14,79
2026-08-13 08:57:00,SENS-1002,220,32,73
2026-08-13 09:12:00,SENS-1002,213,36,71
2026-08-13 09:27:00,SENS-1002,407,28,100
2026-08-13 09:42:00,SENS-1002,289,13,100
2026-08-13 09:57:00,SENS-1002,171,43,56
2026-08-13 10:12:00,SENS-1002,138,45,46
2026-08-13 10:27:00,SENS-1002,135,65,45
2026-08-13 10:42:00,SENS-1002,70,48,23
2026-08-13 10:57:00,SENS-1002,88,50,29
2026-08-13 11:12:00,SENS-1002,130,43,43
2026-08-13 11:27:00,SENS-1002,128,60,42
2026-08-13 11:42:00,SENS-1002,65,65,21
2026-08-13 11:57:00,SENS-1002,133,46,44
2026-08-13 12:12:00,SENS-1002,67,61,22
2026-08-13 12:27:00,SENS-1002,116,39,38
2026-08-13 12:42:00,SENS-1002,88,49,29
2026-08-13 12:57:00,SENS-1002,89,66,29
2026-08-13 13:12:00,SENS-1002,120,69,40
2026-08-13 13:27:00,SENS-1002,92,54,30
2026-08-13 13:42:00,SENS-1002,63,55,21
2026-08-13 13:57:00,SENS-1002,108,54,36
2026-08-13 14:12:00,SENS-1002,39,41,13
2026-08-13 14:27:00,SENS-1002,119,56,39
2026-08-13 14:42:00,SENS-1002,153,54,51
2026-08-13 14:57:00,SENS-1002,82,54,27
2026-08-13 15:12:00,SENS-1002,53,50,17
2026-08-13 15:27:00,SENS-1002,140,46,46
2026-08-13 15:42:00,SENS-1002,116,58,38
2026-08-13 15:57:00,SENS-1002,79,58,26
2026-08-13 16:12:00,SENS-1002,179,15,79
2026-08-13 16:27:00,SENS-1002,383,23,100
2026-08-13 16:42:00,SENS-1002,230,36,76
2026-08-13 16:57:00,SENS-1002,231,21,77
2026-08-13 17:12:00,SENS-1002,260,20,86
2026-08-13 17:27:00,SENS-1002,297,23,99
2026-08-13 17:42:00,SENS-1002,315,15,100
2026-08-13 17:57:00,SENS-1002,254,14,100
2026-08-13 18:12:00,SENS-1002,189,8,83
2026-08-13 18:27:00,SENS-1002,230,19,96
2026-08-13 18:42:00,SENS-1002,245,33,81
2026-08-13 18:57:00,SENS-1002,219,42,73
2026-08-13 19:12:00,SENS-1002,222,24,74
2026-08-13 19:27:00,SENS-1002,243,44,81
2026-08-13 19:42:00,SENS-1002,175,22,58
2026-08-13 19:57:00,SENS-1002,266,15,100
2026-08-13 20:12:00,SENS-1002,127,42,42
2026-08-13 20:27:00,SENS-1002,91,58,30
2026-08-13 20:42:00,SENS-1002,111,64,37
2026-08-13 20:57:00,SENS-1002,50,44,16
2026-08-13 21:12:00,SENS-1002,125,77,41
2026-08-13 21:27:00,SENS-1002,80,39,26
2026-08-13 21:42:00,SENS-1002,130,50,43
2026-08-13 21:57:00,SENS-1002,76,59,25
2026-08-13 22:12:00,SENS-1002,141,56,47
2026-08-13 22:27:00,SENS-1002,98,67,32
2026-08-13 22:42:00,SENS-1002,81,49,27
2026-08-13 22:57:00,SENS-1002,42,44,14
2026-08-13 23:12:00,SENS-1002,22,70,7
2026-08-13 23:27:00,SENS-1002,34,78,11
2026-08-13 23:42:00,SENS-1002,32,67,10
2026-08-13 23:57:00,SENS-1002,16,58,5
2026-08-14 00:12:00,SENS-1002,30,82,10
2026-08-14 00:27:00,SENS-1002,10,77,3
2026-08-14 00:42:00,SENS-1002,20,82,6
2026-08-14 00:57:00,SENS-1002,28,69,9
2026-08-14 01:12:00,SENS-1002,18,60,6
2026-08-14 01:27:00,SENS-1002,21,72,7
2026-08-14 01:42:00,SENS-1002,41,65,13
2026-08-14 01:57:00,SENS-1002,24,62,8
2026-08-14 02:12:00,SENS-1002,38,60,12
2026-08-14 02:27:00,SENS-1002,32,61,10
2026-08-14 02:42:00,SENS-1002,26,73,8
2026-08-14 02:57:00,SENS-1002,69,77,23
2026-08-14 03:12:00,SENS-1002,21,62,7
2026-08-14 03:27:00,SENS-1002,19,83,6
2026-08-14 03:42:00,SENS-1002,11,63,3
2026-08-14 03:57:00,SENS-1002,32,83,10
2026-08-14 04:12:00,SENS-1002,33,75,11
2026-08-14 04:27:00,SENS-1002,48,53,16
2026-08-14 04:42:00,SENS-1002,10,90,3
2026-08-14 04:57:00,SENS-1002,27,62,9
2026-08-14 05:12:00,SENS-1002,52,78,17
2026-08-14 05:27:00,SENS-1002,29,64,9
2026-08-14 05:42:00,SENS-1002,20,78,6
2026-08-14 05:57:00,SENS-1002,53,55,17
2026-08-14 06:12:00,SENS-1002,168,54,56
2026-08-14 06:27:00,SENS-1002,92,60,30
2026-08-14 06:42:00,SENS-1002,62,56,20
2026-08-14 06:57:00,SENS-1002,107,60,35
2026-08-14 07:12:00,SENS-1002,169,18,76
2026-08-14 07:27:00,SENS-1002,242,30,80
2026-08-14 07:42:00,SENS-1002,282,9,100
2026-08-14 07:57:00,SENS-1002,180,17,80
2026-08-14 08:12:00,SENS-1002,285,17,100
2026-08-14 08:27:00,SENS-1002,200,27,66
2026-08-14 08:42:00,SENS-1002,262,24,87
2026-08-14 08:57:00,SENS-1002,139,13,66
2026-08-14 09:12:00,SENS-1002,199,31,66
2026-08-14 09:27:00,SENS-1002,319,31,100
2026-08-14 09:42:00,SENS-1002,143,32,47
2026-08-14 09:57:00,SENS-1002,135,32,45
2026-08-14 10:12:00,SENS-1002,148,41,49
2026-08-14 10:27:00,SENS-1002,140,67,46
2026-08-14 10:42:00,SENS-1002,200,66,66
2026-08-14 10:57:00,SENS-1002,112,48,37
2026-08-14 11:12:00,SENS-1002,183,60,61
2026-08-14 11:27:00,SENS-1002,66,38,22
2026-08-14 11:42:00,SENS-1002,97,50,32
2026-08-14 11:57:00,SENS-1002,105,58,35
2026-08-14 12:12:00,SENS-1002,68,41,22
2026-08-14 12:27:00,SENS-1002,99,69,33
2026-08-14 12:42:00,SENS-1002,51,55,17
2026-08-14 12:57:00,SENS-1002,67,49,22
2026-08-14 13:12:00,SENS-1002,129,55,43
2026-08-14 13:27:00,SENS-1002,58,48,19
2026-08-14 13:42:00,SENS-1002,122,47,40
2026-08-14 13:57:00,SENS-1002,106,58,35
2026-08-14 14:12:00,SENS-1002,70,45,23
2026-08-14 14:27:00,SENS-1002,122,44,40
2026-08-14 14:42:00,SENS-1002,90,42,30
2026-08-14 14:57:00,SENS-1002,101,39,33
2026-08-14 15:12:00,SENS-1002,197,66,65
2026-08-14 15:27:00,SENS-1002,148,43,49
2026-08-14 15:42:00,SENS-1002,236,64,78
2026-08-14 15:57:00,SENS-1002,133,36,44
2026-08-14 16:12:00,SENS-1002,246,34,82
2026-08-14 16:27:00,SENS-1002,318,29,100
2026-08-14 16:42:00,SENS-1002,382,15,100
2026-08-14 16:57:00,SENS-1002,131,34,43
2026-08-14 17:12:00,SENS-1002,163,19,74
2026-08-14 17:27:00,SENS-1002,231,44,77
2026-08-14 17:42:00,SENS-1002,187,13,82
2026-08-14 17:57:00,SENS-1002,133,10,64
2026-08-14 18:12:00,SENS-1002,342,10,100
2026-08-14 18:27:00,SENS-1002,286,38,95
2026-08-14 18:42:00,SENS-1002,339,11,100
2026-08-14 18:57:00,SENS-1002,91,39,30
2026-08-14 19:12:00,SENS-1002,379,27,100
2026-08-14 19:27:00,SENS-1002,245,23,81
2026-08-14 19:42:00,SENS-1002,134,21,44
2026-08-14 19:57:00,SENS-1002,260,18,100
2026-08-07 19:57:00,SENS-1003,351,37,100
2026-08-07 20:12:00,SENS-1003,91,74,30
2026-08-07 20:27:00,SENS-1003,51,54,17
2026-08-07 20:42:00,SENS-1003,96,58,32
2026-08-07 20:57:00,SENS-1003,148,61,49
2026-08-07 21:12:00,SENS-1003,113,59,37
2026-08-07 21:27:00,SENS-1003,137,59,45
2026-08-07 21:42:00,SENS-1003,131,37,43
2026-08-07 21:57:00,SENS-1003,104,50,34
2026-08-07 22:12:00,SENS-1003,40,48,13
2026-08-07 22:27:00,SENS-1003,61,50,20
2026-08-07 22:42:00,SENS-1003,67,59,22
2026-08-07 22:57:00,SENS-1003,56,50,18
2026-08-07 23:12:00,SENS-1003,28,62,9
2026-08-07 23:27:00,SENS-1003,35,83,11
2026-08-07 23:42:00,SENS-1003,20,71,6
2026-08-07 23:57:00,SENS-1003,33,59,11
2026-08-08 00:12:00,SENS-1003,12,68,4
2026-08-08 00:27:00,SENS-1003,16,75,5
2026-08-08 00:42:00,SENS-1003,31,83,10
2026-08-08 00:57:00,SENS-1003,39,72,13
2026-08-08 01:12:00,SENS-1003,14,64,4
2026-08-08 01:27:00,SENS-1003,15,64,5
2026-08-08 01:42:00,SENS-1003,51,84,17
2026-08-08 01:57:00,SENS-1003,40,93,13
2026-08-08 02:12:00,SENS-1003,31,66,10
2026-08-08 02:27:00,SENS-1003,30,68,10
2026-08-08 02:42:00,SENS-1003,30,86,10
2026-08-08 02:57:00,SENS-1003,34,61,11
2026-08-08 03:12:00,SENS-1003,36,58,12
2026-08-08 03:27:00,SENS-1003,20,56,6
2026-08-08 03:42:00,SENS-1003,43,93,14
2026-08-08 03:57:00,SENS-1003,10,64,3
2026-08-08 04:12:00,SENS-1003,35,60,11
2026-08-08 04:27:00,SENS-1003,13,58,4
2026-08-08 04:42:00,SENS-1003,10,71,3
2026-08-08 04:57:00,SENS-1003,36,79,12
2026-08-08 05:12:00,SENS-1003,12,74,4
2026-08-08 05:27:00,SENS-1003,27,68,9
2026-08-08 05:42:00,SENS-1003,30,75,10
2026-08-08 05:57:00,SENS-1003,44,82,14
2026-08-08 06:12:00,SENS-1003,87,65,28
2026-08-08 06:27:00,SENS-1003,133,48,44
2026-08-08 06:42:00,SENS-1003,93,62,31
2026-08-08 06:57:00,SENS-1003,87,38,28
2026-08-08 07:12:00,SENS-1003,259,21,86
2026-08-08 07:27:00,SENS-1003,185,31,61
2026-08-08 07:42:00,SENS-1003,156,29,52
2026-08-08 07:57:00,SENS-1003,198,39,66
2026-08-08 08:12:00,SENS-1003,188,27,62
2026-08-08 08:27:00,SENS-1003,176,14,78
2026-08-08 08:42:00,SENS-1003,379,33,100
2026-08-08 08:57:00,SENS-1003,350,25,100
2026-08-08 09:12:00,SENS-1003,266,18,100
2026-08-08 09:27:00,SENS-1003,233,12,97
2026-08-08 09:42:00,SENS-1003,199,39,66
2026-08-08 09:57:00,SENS-1003,298,23,99
2026-08-08 10:12:00,SENS-1003,72,38,24
2026-08-08 10:27:00,SENS-1003,164,66,54
2026-08-08 10:42:00,SENS-1003,83,41,27
2026-08-08 10:57:00,SENS-1003,62,55,20
2026-08-08 11:12:00,SENS-1003,74,67,24
2026-08-08 11:27:00,SENS-1003,83,54,27
2026-08-08 11:42:00,SENS-1003,176,68,58
2026-08-08 11:57:00,SENS-1003,48,63,16
2026-08-08 12:12:00,SENS-1003,123,60,41
2026-08-08 12:27:00,SENS-1003,137,58,45
2026-08-08 12:42:00,SENS-1003,201,67,67
2026-08-08 12:57:00,SENS-1003,112,51,37
2026-08-08 13:12:00,SENS-1003,87,36,28
2026-08-08 13:27:00,SENS-1003,49,39,16
2026-08-08 13:42:00,SENS-1003,73,52,24
2026-08-08 13:57:00,SENS-1003,92,61,30
2026-08-08 14:12:00,SENS-1003,93,53,31
2026-08-08 14:27:00,SENS-1003,128,50,42
2026-08-08 14:42:00,SENS-1003,93,64,31
2026-08-08 14:57:00,SENS-1003,40,69,13
2026-08-08 15:12:00,SENS-1003,50,43,16
2026-08-08 15:27:00,SENS-1003,53,61,17
2026-08-08 15:42:00,SENS-1003,122,42,40
2026-08-08 15:57:00,SENS-1003,85,70,28
2026-08-08 16:12:00,SENS-1003,238,13,99
2026-08-08 16:27:00,SENS-1003,147,20,49
2026-08-08 16:42:00,SENS-1003,266,25,88
2026-08-08 16:57:00,SENS-1003,176,39,58
2026-08-08 17:12:00,SENS-1003,185,24,61
2026-08-08 17:27:00,SENS-1003,219,19,93
2026-08-08 17:42:00,SENS-1003,162,30,54
2026-08-08 17:57:00,SENS-1003,347,15,100
2026-08-08 18:12:00,SENS-1003,126,9,62
2026-08-08 18:27:00,SENS-1003,257,27,85
2026-08-08 18:42:00,SENS-1003,235,13,98
2026-08-08 18:57:00,SENS-1003,334,37,100
2026-08-08 19:12:00,SENS-1003,145,13,68
2026-08-08 19:27:00,SENS-1003,192,20,64
2026-08-08 19:42:00,SENS-1003,156,33,52
2026-08-08 19:57:00,SENS-1003,309,11,100
2026-08-08 20:12:00,SENS-1003,126,67,42
2026-08-08 20:27:00,SENS-1003,63,42,21
2026-08-08 20:42:00,SENS-1003,118,77,39
2026-08-08 20:57:00,SENS-1003,103,74,34
2026-08-08 21:12:00,SENS-1003,104,55,34
2026-08-08 21:27:00,SENS-1003,87,56,28
2026-08-08 21:42:00,SENS-1003,173,58,57
2026-08-08 21:57:00,SENS-1003,96,48,32
2026-08-08 22:12:00,SENS-1003,63,39,21
2026-08-08 22:27:00,SENS-1003,74,61,24
2026-08-08 22:42:00,SENS-1003,59,38,19
2026-08-08 22:57:00,SENS-1003,122,63,40
2026-08-08 23:12:00,SENS-1003,51,88,17
2026-08-08 23:27:00,SENS-1003,22,61,7
2026-08-08 23:42:00,SENS-1003,29,86,9
2026-08-08 23:57:00,SENS-1003,27,83,9
2026-08-09 00:12:00,SENS-1003,44,66,14
2026-08-09 00:27:00,SENS-1003,20,70,6
2026-08-09 00:42:00,SENS-1003,11,87,3
2026-08-09 00:57:00,SENS-1003,23,92,7
2026-08-09 01:12:00,SENS-1003,34,68,11
2026-08-09 01:27:00,SENS-1003,46,77,15
2026-08-09 01:42:00,SENS-1003,12,91,4
2026-08-09 01:57:00,SENS-1003,49,76,16
2026-08-09 02:12:00,SENS-1003,34,77,11
2026-08-09 02:27:00,SENS-1003,12,69,4
2026-08-09 02:42:00,SENS-1003,27,71,9
2026-08-09 02:57:00,SENS-1003,46,89,15
2026-08-09 03:12:00,SENS-1003,29,93,9
2026-08-09 03:27:00,SENS-1003,20,74,6
2026-08-09 03:42:00,SENS-1003,21,87,7
2026-08-09 03:57:00,SENS-1003,49,53,16
2026-08-09 04:12:00,SENS-1003,25,75,8
2026-08-09 04:27:00,SENS-1003,54,74,18
2026-08-09 04:42:00,SENS-1003,27,88,9
2026-08-09 04:57:00,SENS-1003,34,62,11
2026-08-09 05:12:00,SENS-1003,24,81,8
2026-08-09 05:27:00,SENS-1003,10,75,3
2026-08-09 05:42:00,SENS-1003,40,77,13
2026-08-09 05:57:00,SENS-1003,18,67,6
2026-08-09 06:12:00,SENS-1003,79,52,26
2026-08-09 06:27:00,SENS-1003,62,56,20
2026-08-09 06:42:00,SENS-1003,163,67,54
2026-08-09 06:57:00,SENS-1003,98,61,32
2026-08-09 07:12:00,SENS-1003,248,27,82
2026-08-09 07:27:00,SENS-1003,195,38,65
2026-08-09 07:42:00,SENS-1003,225,17,95
2026-08-09 07:57:00,SENS-1003,92,39,30
2026-08-09 08:12:00,SENS-1003,207,14,89
2026-08-09 08:27:00,SENS-1003,245,22,81
2026-08-09 08:42:00,SENS-1003,244,38,81
2026-08-09 08:57:00,SENS-1003,275,33,91
2026-08-09 09:12:00,SENS-1003,223,29,74
2026-08-09 09:27:00,SENS-1003,258,13,100
2026-08-09 09:42:00,SENS-1003,168,19,76
2026-08-09 09:57:00,SENS-1003,385,12,100
2026-08-09 10:12:00,SENS-1003,103,51,34
2026-08-09 10:27:00,SENS-1003,68,48,22
2026-08-09 10:42:00,SENS-1003,193,45,64
2026-08-09 10:57:00,SENS-1003,103,54,34
2026-08-09 11:12:00,SENS-1003,139,43,46
2026-08-09 11:27:00,SENS-1003,57,71,19
2026-08-09 11:42:00,SENS-1003,59,52,19
2026-08-09 11:57:00,SENS-1003,90,61,30
2026-08-09 12:12:00,SENS-1003,105,66,35
2026-08-09 12:27:00,SENS-1003,158,44,52
2026-08-09 12:42:00,SENS-1003,137,40,45
2026-08-09 12:57:00,SENS-1003,101,48,33
2026-08-09 13:12:00,SENS-1003,78,46,26
2026-08-09 13:27:00,SENS-1003,108,46,36
2026-08-09 13:42:00,SENS-1003,140,68,46
2026-08-09 13:57:00,SENS-1003,193,68,64
2026-08-09 14:12:00,SENS-1003,99,54,33
2026-08-09 14:27:00,SENS-1003,119,45,39
2026-08-09 14:42:00,SENS-1003,86,51,28
2026-08-09 14:57:00,SENS-1003,178,64,59
2026-08-09 15:12:00,SENS-1003,88,47,29
2026-08-09 15:27:00,SENS-1003,106,54,35
2026-08-09 15:42:00,SENS-1003,90,65,30
2026-08-09 15:57:00,SENS-1003,67,58,22
2026-08-09 16:12:00,SENS-1003,307,17,100
2026-08-09 16:27:00,SENS-1003,144,32,48
2026-08-09 16:42:00,SENS-1003,276,17,100
2026-08-09 16:57:00,SENS-1003,149,15,69
2026-08-09 17:12:00,SENS-1003,310,27,100
2026-08-09 17:27:00,SENS-1003,233,34,77
2026-08-09 17:42:00,SENS-1003,257,12,100
2026-08-09 17:57:00,SENS-1003,194,17,84
2026-08-09 18:12:00,SENS-1003,387,23,100
2026-08-09 18:27:00,SENS-1003,184,32,61
2026-08-09 18:42:00,SENS-1003,141,12,67
2026-08-09 18:57:00,SENS-1003,209,12,89
2026-08-09 19:12:00,SENS-1003,276,38,92
2026-08-09 19:27:00,SENS-1003,213,12,91
2026-08-09 19:42:00,SENS-1003,256,40,85
2026-08-09 19:57:00,SENS-1003,301,30,100
2026-08-09 20:12:00,SENS-1003,128,42,42
2026-08-09 20:27:00,SENS-1003,62,50,20
2026-08-09 20:42:00,SENS-1003,130,38,43
2026-08-09 20:57:00,SENS-1003,108,46,36
2026-08-09 21:12:00,SENS-1003,102,67,34
2026-08-09 21:27:00,SENS-1003,76,38,25
2026-08-09 21:42:00,SENS-1003,31,64,10
2026-08-09 21:57:00,SENS-1003,75,52,25
2026-08-09 22:12:00,SENS-1003,118,53,39
2026-08-09 22:27:00,SENS-1003,89,52,29
2026-08-09 22:42:00,SENS-1003,84,57,28
2026-08-09 22:57:00,SENS-1003,119,49,39
2026-08-09 23:12:00,SENS-1003,26,84,8
2026-08-09 23:27:00,SENS-1003,27,75,9
2026-08-09 23:42:00,SENS-1003,33,64,11
2026-08-09 23:57:00,SENS-1003,46,74,15
2026-08-10 00:12:00,SENS-1003,39,68,13
2026-08-10 00:27:00,SENS-1003,56,72,18
2026-08-10 00:42:00,SENS-1003,52,70,17
2026-08-10 00:57:00,SENS-1003,23,65,7
2026-08-10 01:12:00,SENS-1003,20,91,6
2026-08-10 01:27:00,SENS-1003,57,60,19
2026-08-10 01:42:00,SENS-1003,12,71,4
2026-08-10 01:57:00,SENS-1003,38,96,12
2026-08-10 02:12:00,SENS-1003,36,77,12
2026-08-10 02:27:00,SENS-1003,9,67,3
2026-08-10 02:42:00,SENS-1003,31,66,10
2026-08-10 02:57:00,SENS-1003,36,98,12
2026-08-10 03:12:00,SENS-1003,40,49,13
2026-08-10 03:27:00,SENS-1003,54,72,18
2026-08-10 03:42:00,SENS-1003,21,61,7
2026-08-10 03:57:00,SENS-1003,33,70,11
2026-08-10 04:12:00,SENS-1003,22,60,7
2026-08-10 04:27:00,SENS-1003,32,54,10
2026-08-10 04:42:00,SENS-1003,29,71,9
2026-08-10 04:57:00,SENS-1003,54,87,18
2026-08-10 05:12:00,SENS-1003,32,62,10
2026-08-10 05:27:00,SENS-1003,39,68,13
2026-08-10 05:42:00,SENS-1003,48,68,16
2026-08-10 05:57:00,SENS-1003,15,57,5
2026-08-10 06:12:00,SENS-1003,87,47,28
2026-08-10 06:27:00,SENS-1003,53,52,17
2026-08-10 06:42:00,SENS-1003,143,69,47
2026-08-10 06:57:00,SENS-1003,194,64,64
2026-08-10 07:12:00,SENS-1003,176,15,78
2026-08-10 07:27:00,SENS-1003,178,29,59
2026-08-10 07:42:00,SENS-1003,217,19,92
2026-08-10 07:57:00,SENS-1003,222,33,74
2026-08-10 08:12:00,SENS-1003,285,38,95
2026-08-10 08:27:00,SENS-1003,128,16,62
2026-08-10 08:42:00,SENS-1003,147,34,49
2026-08-10 08:57:00,SENS-1003,162,15,74
2026-08-10 09:12:00,SENS-1003,223,26,74
2026-08-10 09:27:00,SENS-1003,310,12,100
2026-08-10 09:42:00,SENS-1003,210,25,70
2026-08-10 09:57:00,SENS-1003,261,22,87
2026-08-10 10:12:00,SENS-1003,88,62,29
2026-08-10 10:27:00,SENS-1003,92,53,30
2026-08-10 10:42:00,SENS-1003,215,45,71
2026-08-10 10:57:00,SENS-1003,103,59,34
2026-08-10 11:12:00,SENS-1003,146,69,48
2026-08-10 11:27:00,SENS-1003,73,64,24
2026-08-10 11:42:00,SENS-1003,180,75,60
2026-08-10 11:57:00,SENS-1003,29,53,9
2026-08-10 12:12:00,SENS-1003,58,58,19
2026-08-10 12:27:00,SENS-1003,58,46,19
2026-08-10 12:42:00,SENS-1003,101,48,33
2026-08-10 12:57:00,SENS-1003,90,67,30
2026-08-10 13:12:00,SENS-1003,72,49,24
2026-08-10 13:27:00,SENS-1003,76,61,25
2026-08-10 13:42:00,SENS-1003,51,66,17
2026-08-10 13:57:00,SENS-1003,75,58,25
2026-08-10 14:12:00,SENS-1003,123,62,41
2026-08-10 14:27:00,SENS-1003,83,40,27
2026-08-10 14:42:00,SENS-1003,159,74,53
2026-08-10 14:57:00,SENS-1003,112,60,37
2026-08-10 15:12:00,SENS-1003,122,63,40
2026-08-10 15:27:00,SENS-1003,141,56,47
2026-08-10 15:42:00,SENS-1003,149,57,49
2026-08-10 15:57:00,SENS-1003,125,58,41
2026-08-10 16:12:00,SENS-1003,342,10,100
2026-08-10 16:27:00,SENS-1003,273,35,91
2026-08-10 16:42:00,SENS-1003,171,35,56
2026-08-10 16:57:00,SENS-1003,198,12,86
2026-08-10 17:12:00,SENS-1003,201,16,87
2026-08-10 17:27:00,SENS-1003,163,19,74
2026-08-10 17:42:00,SENS-1003,286,32,95
2026-08-10 17:57:00,SENS-1003,175,39,58
2026-08-10 18:12:00,SENS-1003,146,11,68
2026-08-10 18:27:00,SENS-1003,322,12,100
2026-08-10 18:42:00,SENS-1003,168,22,56
2026-08-10 18:57:00,SENS-1003,159,27,53
2026-08-10 19:12:00,SENS-1003,230,23,76
2026-08-10 19:27:00,SENS-1003,209,18,89
2026-08-10 19:42:00,SENS-1003,113,13,57
2026-08-10 19:57:00,SENS-1003,307,23,100
2026-08-10 20:12:00,SENS-1003,82,71,27
2026-08-10 20:27:00,SENS-1003,75,50,25
2026-08-10 20:42:00,SENS-1003,60,51,20
2026-08-10 20:57:00,SENS-1003,100,74,33
2026-08-10 21:12:00,SENS-1003,155,49,51
2026-08-10 21:27:00,SENS-1003,51,55,17
2026-08-10 21:42:00,SENS-1003,86,54,28
2026-08-10 21:57:00,SENS-1003,70,51,23
2026-08-10 22:12:00,SENS-1003,104,58,34
2026-08-10 22:27:00,SENS-1003,45,61,15
2026-08-10 22:42:00,SENS-1003,65,58,21
2026-08-10 22:57:00,SENS-1003,54,37,18
2026-08-10 23:12:00,SENS-1003,32,68,10
2026-08-10 23:27:00,SENS-1003,35,62,11
2026-08-10 23:42:00,SENS-1003,41,85,13
2026-08-10 23:57:00,SENS-1003,19,89,6
2026-08-11 00:12:00,SENS-1003,39,78,13
2026-08-11 00:27:00,SENS-1003,37,75,12
2026-08-11 00:42:00,SENS-1003,34,80,11
2026-08-11 00:57:00,SENS-1003,21,68,7
2026-08-11 01:12:00,SENS-1003,11,67,3
2026-08-11 01:27:00,SENS-1003,14,88,4
2026-08-11 01:42:00,SENS-1003,25,86,8
2026-08-11 01:57:00,SENS-1003,38,77,12
2026-08-11 02:12:00,SENS-1003,15,80,5
2026-08-11 02:27:00,SENS-1003,33,74,11
2026-08-11 02:42:00,SENS-1003,27,76,9
2026-08-11 02:57:00,SENS-1003,20,56,6
2026-08-11 03:12:00,SENS-1003,35,72,11
2026-08-11 03:27:00,SENS-1003,20,58,6
2026-08-11 03:42:00,SENS-1003,40,66,13
2026-08-11 03:57:00,SENS-1003,45,83,15
2026-08-11 04:12:00,SENS-1003,79,70,26
2026-08-11 04:27:00,SENS-1003,35,50,11
2026-08-11 04:42:00,SENS-1003,21,79,7
2026-08-11 04:57:00,SENS-1003,38,54,12
2026-08-11 05:12:00,SENS-1003,9,89,3
2026-08-11 05:27:00,SENS-1003,17,62,5
2026-08-11 05:42:00,SENS-1003,12,75,4
2026-08-11 05:57:00,SENS-1003,23,98,7
2026-08-11 06:12:00,SENS-1003,69,48,23
2026-08-11 06:27:00,SENS-1003,217,75,72
2026-08-11 06:42:00,SENS-1003,102,48,34
2026-08-11 06:57:00,SENS-1003,81,35,27
2026-08-11 07:12:00,SENS-1003,143,21,47
2026-08-11 07:27:00,SENS-1003,153,31,51
2026-08-11 07:42:00,SENS-1003,241,39,80
2026-08-11 07:57:00,SENS-1003,146,13,68
2026-08-11 08:12:00,SENS-1003,167,39,55
2026-08-11 08:27:00,SENS-1003,167,34,55
2026-08-11 08:42:00,SENS-1003,230,16,96
2026-08-11 08:57:00,SENS-1003,155,12,71
2026-08-11 09:12:00,SENS-1003,323,36,100
2026-08-11 09:27:00,SENS-1003,251,12,100
2026-08-11 09:42:00,SENS-1003,210,21,70
2026-08-11 09:57:00,SENS-1003,222,40,74
2026-08-11 10:12:00,SENS-1003,39,44,13
2026-08-11 10:27:00,SENS-1003,110,45,36
2026-08-11 10:42:00,SENS-1003,74,47,24
2026-08-11 10:57:00,SENS-1003,123,60,41
2026-08-11 11:12:00,SENS-1003,131,35,43
2026-08-11 11:27:00,SENS-1003,80,54,26
2026-08-11 11:42:00,SENS-1003,104,52,34
2026-08-11 11:57:00,SENS-1003,55,38,18
2026-08-11 12:12:00,SENS-1003,68,44,22
2026-08-11 12:27:00,SENS-1003,107,54,35
2026-08-11 12:42:00,SENS-1003,100,64,33
2026-08-11 12:57:00,SENS-1003,149,51,49
2026-08-11 13:12:00,SENS-1003,49,47,16
2026-08-11 13:27:00,SENS-1003,94,52,31
2026-08-11 13:42:00,SENS-1003,127,74,42
2026-08-11 13:57:00,SENS-1003,66,74,22
2026-08-11 14:12:00,SENS-1003,72,58,24
2026-08-11 14:27:00,SENS-1003,64,38,21
2026-08-11 14:42:00,SENS-1003,67,47,22
2026-08-11 14:57:00,SENS-1003,85,73,28
2026-08-11 15:12:00,SENS-1003,90,50,30
2026-08-11 15:27:00,SENS-1003,73,50,24
2026-08-11 15:42:00,SENS-1003,63,49,21
2026-08-11 15:57:00,SENS-1003,139,62,46
2026-08-11 16:12:00,SENS-1003,207,21,69
2026-08-11 16:27:00,SENS-1003,188,17,82
2026-08-11 16:42:00,SENS-1003,234,26,78
2026-08-11 16:57:00,SENS-1003,166,37,55
2026-08-11 17:12:00,SENS-1003,192,29,64
2026-08-11 17:27:00,SENS-1003,128,39,42
2026-08-11 17:42:00,SENS-1003,196,11,85
2026-08-11 17:57:00,SENS-1003,262,39,87
2026-08-11 18:12:00,SENS-1003,310,31,100
2026-08-11 18:27:00,SENS-1003,227,13,95
2026-08-11 18:42:00,SENS-1003,229,26,76
2026-08-11 18:57:00,SENS-1003,237,31,79
2026-08-11 19:12:00,SENS-1003,192,38,64
2026-08-11 19:27:00,SENS-1003,193,26,64
2026-08-11 19:42:00,SENS-1003,245,35,81
2026-08-11 19:57:00,SENS-1003,160,17,73
2026-08-11 20:12:00,SENS-1003,111,38,37
2026-08-11 20:27:00,SENS-1003,93,58,31
2026-08-11 20:42:00,SENS-1003,110,68,36
2026-08-11 20:57:00,SENS-1003,70,46,23
2026-08-11 21:12:00,SENS-1003,120,36,40
2026-08-11 21:27:00,SENS-1003,76,46,25
2026-08-11 21:42:00,SENS-1003,143,66,47
2026-08-11 21:57:00,SENS-1003,86,55,28
2026-08-11 22:12:00,SENS-1003,107,45,35
2026-08-11 22:27:00,SENS-1003,119,46,39
2026-08-11 22:42:00,SENS-1003,101,37,33
2026-08-11 22:57:00,SENS-1003,53,54,17
2026-08-11 23:12:00,SENS-1003,21,65,7
2026-08-11 23:27:00,SENS-1003,8,83,2
2026-08-11 23:42:00,SENS-1003,39,79,13
2026-08-11 23:57:00,SENS-1003,69,83,23
2026-08-12 00:12:00,SENS-1003,30,57,10
2026-08-12 00:27:00,SENS-1003,32,54,10
2026-08-12 00:42:00,SENS-1003,43,95,14
2026-08-12 00:57:00,SENS-1003,15,84,5
2026-08-12 01:12:00,SENS-1003,10,70,3
2026-08-12 01:27:00,SENS-1003,30,66,10
2026-08-12 01:42:00,SENS-1003,8,77,2
2026-08-12 01:57:00,SENS-1003,26,80,8
2026-08-12 02:12:00,SENS-1003,15,54,5
2026-08-12 02:27:00,SENS-1003,28,67,9
2026-08-12 02:42:00,SENS-1003,11,66,3
2026-08-12 02:57:00,SENS-1003,46,75,15
2026-08-12 03:12:00,SENS-1003,14,74,4
2026-08-12 03:27:00,SENS-1003,56,101,18
2026-08-12 03:42:00,SENS-1003,15,65,5
2026-08-12 03:57:00,SENS-1003,39,84,13
2026-08-12 04:12:00,SENS-1003,14,69,4
2026-08-12 04:27:00,SENS-1003,27,97,9
2026-08-12 04:42:00,SENS-1003,39,73,13
2026-08-12 04:57:00,SENS-1003,26,81,8
2026-08-12 05:12:00,SENS-1003,43,59,14
2026-08-12 05:27:00,SENS-1003,12,71,4
2026-08-12 05:42:00,SENS-1003,48,86,16
2026-08-12 05:57:00,SENS-1003,25,78,8
2026-08-12 06:12:00,SENS-1003,93,49,31
2026-08-12 06:27:00,SENS-1003,63,40,21
2026-08-12 06:42:00,SENS-1003,82,41,27
2026-08-12 06:57:00,SENS-1003,67,40,22
2026-08-12 07:12:00,SENS-1003,297,17,100
2026-08-12 07:27:00,SENS-1003,212,29,70
2026-08-12 07:42:00,SENS-1003,200,40,66
2026-08-12 07:57:00,SENS-1003,136,15,65
2026-08-12 08:12:00,SENS-1003,150,12,70
2026-08-12 08:27:00,SENS-1003,190,23,63
2026-08-12 08:42:00,SENS-1003,217,24,72
2026-08-12 08:57:00,SENS-1003,144,39,48
2026-08-12 09:12:00,SENS-1003,298,36,99
2026-08-12 09:27:00,SENS-1003,191,39,63
2026-08-12 09:42:00,SENS-1003,207,36,69
2026-08-12 09:57:00,SENS-1003,240,28,80
2026-08-12 10:12:00,SENS-1003,157,74,52
2026-08-12 10:27:00,SENS-1003,73,42,24
2026-08-12 10:42:00,SENS-1003,73,49,24
2026-08-12 10:57:00,SENS-1003,143,41,47
2026-08-12 11:12:00,SENS-1003,156,67,52
2026-08-12 11:27:00,SENS-1003,119,46,39
2026-08-12 11:42:00,SENS-1003,184,63,61
2026-08-12 11:57:00,SENS-1003,70,50,23
2026-08-12 12:12:00,SENS-1003,98,40,32
2026-08-12 12:27:00,SENS-1003,146,57,48
2026-08-12 12:42:00,SENS-1003,82,63,27
2026-08-12 12:57:00,SENS-1003,79,66,26
2026-08-12 13:12:00,SENS-1003,57,58,19
2026-08-12 13:27:00,SENS-1003,77,62,25
2026-08-12 13:42:00,SENS-1003,115,57,38
2026-08-12 13:57:00,SENS-1003,89,60,29
2026-08-12 14:12:00,SENS-1003,92,61,30
2026-08-12 14:27:00,SENS-1003,101,53,33
2026-08-12 14:42:00,SENS-1003,78,67,26
2026-08-12 14:57:00,SENS-1003,45,54,15
2026-08-12 15:12:00,SENS-1003,125,72,41
2026-08-12 15:27:00,SENS-1003,75,38,25
2026-08-12 15:42:00,SENS-1003,46,67,15
2026-08-12 15:57:00,SENS-1003,136,70,45
2026-08-12 16:12:00,SENS-1003,158,25,52
2026-08-12 16:27:00,SENS-1003,143,34,47
2026-08-12 16:42:00,SENS-1003,207,37,69
2026-08-12 16:57:00,SENS-1003,268,33,89
2026-08-12 17:12:00,SENS-1003,332,22,100
2026-08-12 17:27:00,SENS-1003,384,15,100
2026-08-12 17:42:00,SENS-1003,157,24,52
2026-08-12 17:57:00,SENS-1003,199,19,86
2026-08-12 18:12:00,SENS-1003,320,36,100
2026-08-12 18:27:00,SENS-1003,239,21,79
2026-08-12 18:42:00,SENS-1003,304,16,100
2026-08-12 18:57:00,SENS-1003,204,11,88
2026-08-12 19:12:00,SENS-1003,123,36,41
2026-08-12 19:27:00,SENS-1003,216,17,92
2026-08-12 19:42:00,SENS-1003,290,23,96
2026-08-12 19:57:00,SENS-1003,192,34,64
2026-08-12 20:12:00,SENS-1003,113,48,37
2026-08-12 20:27:00,SENS-1003,127,51,42
2026-08-12 20:42:00,SENS-1003,133,46,44
2026-08-12 20:57:00,SENS-1003,77,51,25
2026-08-12 21:12:00,SENS-1003,54,46,18
2026-08-12 21:27:00,SENS-1003,148,42,49
2026-08-12 21:42:00,SENS-1003,63,62,21
2026-08-12 21:57:00,SENS-1003,120,45,40
2026-08-12 22:12:00,SENS-1003,172,50,57
2026-08-12 22:27:00,SENS-1003,77,57,25
2026-08-12 22:42:00,SENS-1003,148,59,49
2026-08-12 22:57:00,SENS-1003,127,39,42
2026-08-12 23:12:00,SENS-1003,18,87,6
2026-08-12 23:27:00,SENS-1003,29,87,9
2026-08-12 23:42:00,SENS-1003,45,79,15
2026-08-12 23:57:00,SENS-1003,59,97,19
2026-08-13 00:12:00,SENS-1003,41,78,13
2026-08-13 00:27:00,SENS-1003,12,65,4
2026-08-13 00:42:00,SENS-1003,34,82,11
2026-08-13 00:57:00,SENS-1003,19,80,6
2026-08-13 01:12:00,SENS-1003,13,78,4
2026-08-13 01:27:00,SENS-1003,19,93,6
2026-08-13 01:42:00,SENS-1003,11,83,3
2026-08-13 01:57:00,SENS-1003,27,73,9
2026-08-13 02:12:00,SENS-1003,46,88,15
2026-08-13 02:27:00,SENS-1003,10,86,3
2026-08-13 02:42:00,SENS-1003,16,70,5
2026-08-13 02:57:00,SENS-1003,20,60,6
2026-08-13 03:12:00,SENS-1003,61,77,20
2026-08-13 03:27:00,SENS-1003,27,83,9
2026-08-13 03:42:00,SENS-1003,20,101,6
2026-08-13 03:57:00,SENS-1003,14,75,4
2026-08-13 04:12:00,SENS-1003,41,82,13
2026-08-13 04:27:00,SENS-1003,27,64,9
2026-08-13 04:42:00,SENS-1003,25,66,8
2026-08-13 04:57:00,SENS-1003,28,70,9
2026-08-13 05:12:00,SENS-1003,46,107,15
2026-08-13 05:27:00,SENS-1003,29,70,9
2026-08-13 05:42:00,SENS-1003,32,76,10
2026-08-13 05:57:00,SENS-1003,10,67,3
2026-08-13 06:12:00,SENS-1003,127,46,42
2026-08-13 06:27:00,SENS-1003,90,54,30
2026-08-13 06:42:00,SENS-1003,74,55,24
2026-08-13 06:57:00,SENS-1003,218,73,72
2026-08-13 07:12:00,SENS-1003,105,30,35
2026-08-13 07:27:00,SENS-1003,336,38,100
2026-08-13 07:42:00,SENS-1003,225,19,95
2026-08-13 07:57:00,SENS-1003,172,25,57
2026-08-13 08:12:00,SENS-1003,173,25,57
2026-08-13 08:27:00,SENS-1003,180,35,60
2026-08-13 08:42:00,SENS-1003,194,38,64
2026-08-13 08:57:00,SENS-1003,110,32,36
2026-08-13 09:12:00,SENS-1003,191,45,63
2026-08-13 09:27:00,SENS-1003,184,28,61
2026-08-13 09:42:00,SENS-1003,167,34,55
2026-08-13 09:57:00,SENS-1003,302,29,100
2026-08-13 10:12:00,SENS-1003,106,43,35
2026-08-13 10:27:00,SENS-1003,78,66,26
2026-08-13 10:42:00,SENS-1003,32,52,10
2026-08-13 10:57:00,SENS-1003,74,50,24
2026-08-13 11:12:00,SENS-1003,115,51,38
2026-08-13 11:27:00,SENS-1003,152,69,50
2026-08-13 11:42:00,SENS-1003,82,73,27
2026-08-13 11:57:00,SENS-1003,145,72,48
2026-08-13 12:12:00,SENS-1003,144,58,48
2026-08-13 12:27:00,SENS-1003,62,44,20
2026-08-13 12:42:00,SENS-1003,64,64,21
2026-08-13 12:57:00,SENS-1003,112,74,37
2026-08-13 13:12:00,SENS-1003,57,43,19
2026-08-13 13:27:00,SENS-1003,58,76,19
2026-08-13 13:42:00,SENS-1003,79,66,26
2026-08-13 13:57:00,SENS-1003,82,40,27
2026-08-13 14:12:00,SENS-1003,115,62,38
2026-08-13 14:27:00,SENS-1003,182,53,60
2026-08-13 14:42:00,SENS-1003,102,53,34
2026-08-13 14:57:00,SENS-1003,78,67,26
2026-08-13 15:12:00,SENS-1003,186,59,62
2026-08-13 15:27:00,SENS-1003,176,42,58
2026-08-13 15:42:00,SENS-1003,147,76,49
2026-08-13 15:57:00,SENS-1003,81,66,27
2026-08-13 16:12:00,SENS-1003,206,27,68
2026-08-13 16:27:00,SENS-1003,211,18,90
2026-08-13 16:42:00,SENS-1003,215,16,91
2026-08-13 16:57:00,SENS-1003,299,38,99
2026-08-13 17:12:00,SENS-1003,158,11,72
2026-08-13 17:27:00,SENS-1003,187,23,62
2026-08-13 17:42:00,SENS-1003,191,24,63
2026-08-13 17:57:00,SENS-1003,459,37,100
2026-08-13 18:12:00,SENS-1003,203,27,67
2026-08-13 18:27:00,SENS-1003,172,16,77
2026-08-13 18:42:00,SENS-1003,297,38,99
2026-08-13 18:57:00,SENS-1003,202,36,67
2026-08-13 19:12:00,SENS-1003,150,15,70
2026-08-13 19:27:00,SENS-1003,253,30,84
2026-08-13 19:42:00,SENS-1003,324,31,100
2026-08-13 19:57:00,SENS-1003,187,39,62
2026-08-13 20:12:00,SENS-1003,104,54,34
2026-08-13 20:27:00,SENS-1003,112,69,37
2026-08-13 20:42:00,SENS-1003,92,42,30
2026-08-13 20:57:00,SENS-1003,77,42,25
2026-08-13 21:12:00,SENS-1003,128,62,42
2026-08-13 21:27:00,SENS-1003,133,46,44
2026-08-13 21:42:00,SENS-1003,117,48,39
2026-08-13 21:57:00,SENS-1003,51,81,17
2026-08-13 22:12:00,SENS-1003,103,39,34
2026-08-13 22:27:00,SENS-1003,129,39,43
2026-08-13 22:42:00,SENS-1003,62,48,20
2026-08-13 22:57:00,SENS-1003,147,47,49
2026-08-13 23:12:00,SENS-1003,41,59,13
2026-08-13 23:27:00,SENS-1003,27,69,9
2026-08-13 23:42:00,SENS-1003,56,76,18
2026-08-13 23:57:00,SENS-1003,37,74,12
2026-08-14 00:12:00,SENS-1003,34,70,11
2026-08-14 00:27:00,SENS-1003,41,67,13
2026-08-14 00:42:00,SENS-1003,18,66,6
2026-08-14 00:57:00,SENS-1003,31,72,10
2026-08-14 01:12:00,SENS-1003,33,65,11
2026-08-14 01:27:00,SENS-1003,16,60,5
2026-08-14 01:42:00,SENS-1003,24,77,8
2026-08-14 01:57:00,SENS-1003,13,86,4
2026-08-14 02:12:00,SENS-1003,22,80,7
2026-08-14 02:27:00,SENS-1003,14,60,4
2026-08-14 02:42:00,SENS-1003,14,96,4
2026-08-14 02:57:00,SENS-1003,31,79,10
2026-08-14 03:12:00,SENS-1003,9,94,3
2026-08-14 03:27:00,SENS-1003,25,63,8
2026-08-14 03:42:00,SENS-1003,33,100,11
2026-08-14 03:57:00,SENS-1003,26,73,8
2026-08-14 04:12:00,SENS-1003,14,87,4
2026-08-14 04:27:00,SENS-1003,41,69,13
2026-08-14 04:42:00,SENS-1003,46,79,15
2026-08-14 04:57:00,SENS-1003,9,76,3
2026-08-14 05:12:00,SENS-1003,26,75,8
2026-08-14 05:27:00,SENS-1003,39,59,13
2026-08-14 05:42:00,SENS-1003,30,60,10
2026-08-14 05:57:00,SENS-1003,19,68,6
2026-08-14 06:12:00,SENS-1003,106,62,35
2026-08-14 06:27:00,SENS-1003,165,62,55
2026-08-14 06:42:00,SENS-1003,118,51,39
2026-08-14 06:57:00,SENS-1003,80,65,26
2026-08-14 07:12:00,SENS-1003,148,30,49
2026-08-14 07:27:00,SENS-1003,303,34,100
2026-08-14 07:42:00,SENS-1003,169,10,76
2026-08-14 07:57:00,SENS-1003,306,16,100
2026-08-14 08:12:00,SENS-1003,309,31,100
2026-08-14 08:27:00,SENS-1003,353,21,100
2026-08-14 08:42:00,SENS-1003,208,14,89
2026-08-14 08:57:00,SENS-1003,270,31,90
2026-08-14 09:12:00,SENS-1003,147,31,49
2026-08-14 09:27:00,SENS-1003,190,23,63
2026-08-14 09:42:00,SENS-1003,207,23,69
2026-08-14 09:57:00,SENS-1003,196,28,65
2026-08-14 10:12:00,SENS-1003,68,51,22
2026-08-14 10:27:00,SENS-1003,105,69,35
2026-08-14 10:42:00,SENS-1003,61,53,20
2026-08-14 10:57:00,SENS-1003,105,52,35
2026-08-14 11:12:00,SENS-1003,80,60,26
2026-08-14 11:27:00,SENS-1003,69,60,23
2026-08-14 11:42:00,SENS-1003,114,70,38
2026-08-14 11:57:00,SENS-1003,54,35,18
2026-08-14 12:12:00,SENS-1003,75,43,25
2026-08-14 12:27:00,SENS-1003,77,63,25
2026-08-14 12:42:00,SENS-1003,121,63,40
2026-08-14 12:57:00,SENS-1003,113,45,37
2026-08-14 13:12:00,SENS-1003,96,68,32
2026-08-14 13:27:00,SENS-1003,61,59,20
2026-08-14 13:42:00,SENS-1003,71,36,23
2026-08-14 13:57:00,SENS-1003,183,38,61
2026-08-14 14:12:00,SENS-1003,96,58,32
2026-08-14 14:27:00,SENS-1003,68,70,22
2026-08-14 14:42:00,SENS-1003,71,48,23
2026-08-14 14:57:00,SENS-1003,112,54,37
2026-08-14 15:12:00,SENS-1003,74,69,24
2026-08-14 15:27:00,SENS-1003,122,71,40
2026-08-14 15:42:00,SENS-1003,108,65,36
2026-08-14 15:57:00,SENS-1003,63,63,21
2026-08-14 16:12:00,SENS-1003,293,23,97
2026-08-14 16:27:00,SENS-1003,311,10,100
2026-08-14 16:42:00,SENS-1003,174,28,57
2026-08-14 16:57:00,SENS-1003,222,15,94
2026-08-14 17:12:00,SENS-1003,320,23,100
2026-08-14 17:27:00,SENS-1003,119,36,39
2026-08-14 17:42:00,SENS-1003,130,27,43
2026-08-14 17:57:00,SENS-1003,128,15,62
2026-08-14 18:12:00,SENS-1003,187,29,62
2026-08-14 18:27:00,SENS-1003,262,14,100
2026-08-14 18:42:00,SENS-1003,259,20,86
2026-08-14 18:57:00,SENS-1003,274,36,91
2026-08-14 19:12:00,SENS-1003,150,36,50
2026-08-14 19:27:00,SENS-1003,248,42,82
2026-08-14 19:42:00,SENS-1003,247,42,82
2026-08-14 19:57:00,SENS-1003,261,33,87
2026-08-07 19:57:00,SENS-1004,289,50,96
2026-08-07 20:12:00,SENS-1004,69,76,23
2026-08-07 20:27:00,SENS-1004,59,55,19
2026-08-07 20:42:00,SENS-1004,135,53,45
2026-08-07 20:57:00,SENS-1004,60,46,20
2026-08-07 21:12:00,SENS-1004,88,60,29
2026-08-07 21:27:00,SENS-1004,101,50,33
2026-08-07 21:42:00,SENS-1004,61,48,20
2026-08-07 21:57:00,SENS-1004,78,47,26
2026-08-07 22:12:00,SENS-1004,80,60,26
2026-08-07 22:27:00,SENS-1004,59,48,19
2026-08-07 22:42:00,SENS-1004,126,52,42
2026-08-07 22:57:00,SENS-1004,74,54,24
2026-08-07 23:12:00,SENS-1004,36,76,12
2026-08-07 23:27:00,SENS-1004,15,78,5
2026-08-07 23:42:00,SENS-1004,20,78,6
2026-08-07 23:57:00,SENS-1004,22,55,7
2026-08-08 00:12:00,SENS-1004,32,57,10
2026-08-08 00:27:00,SENS-1004,9,79,3
2026-08-08 00:42:00,SENS-1004,28,74,9
2026-08-08 00:57:00,SENS-1004,37,89,12
2026-08-08 01:12:00,SENS-1004,16,66,5
2026-08-08 01:27:00,SENS-1004,12,81,4
2026-08-08 01:42:00,SENS-1004,21,75,7
2026-08-08 01:57:00,SENS-1004,15,74,5
2026-08-08 02:12:00,SENS-1004,35,76,11
2026-08-08 02:27:00,SENS-1004,19,61,6
2026-08-08 02:42:00,SENS-1004,7,63,2
2026-08-08 02:57:00,SENS-1004,28,70,9
2026-08-08 03:12:00,SENS-1004,23,66,7
2026-08-08 03:27:00,SENS-1004,36,77,12
2026-08-08 03:42:00,SENS-1004,10,73,3
2026-08-08 03:57:00,SENS-1004,15,59,5
2026-08-08 04:12:00,SENS-1004,24,75,8
2026-08-08 04:27:00,SENS-1004,48,83,16
2026-08-08 04:42:00,SENS-1004,15,72,5
2026-08-08 04:57:00,SENS-1004,5,50,1
2026-08-08 05:12:00,SENS-1004,23,62,7
2026-08-08 05:27:00,SENS-1004,35,64,11
2026-08-08 05:42:00,SENS-1004,36,74,12
2026-08-08 05:57:00,SENS-1004,40,64,13
2026-08-08 06:12:00,SENS-1004,100,60,33
2026-08-08 06:27:00,SENS-1004,53,46,17
2026-08-08 06:42:00,SENS-1004,83,45,27
2026-08-08 06:57:00,SENS-1004,104,40,34
2026-08-08 07:12:00,SENS-1004,292,30,97
2026-08-08 07:27:00,SENS-1004,247,29,82
2026-08-08 07:42:00,SENS-1004,204,11,88
2026-08-08 07:57:00,SENS-1004,137,31,45
2026-08-08 08:12:00,SENS-1004,165,22,55
2026-08-08 08:27:00,SENS-1004,168,20,56
2026-08-08 08:42:00,SENS-1004,147,31,49
2026-08-08 08:57:00,SENS-1004,162,34,54
2026-08-08 09:12:00,SENS-1004,214,24,71
2026-08-08 09:27:00,SENS-1004,304,37,100
2026-08-08 09:42:00,SENS-1004,200,19,86
2026-08-08 09:57:00,SENS-1004,171,32,56
2026-08-08 10:12:00,SENS-1004,87,47,28
2026-08-08 10:27:00,SENS-1004,120,52,40
2026-08-08 10:42:00,SENS-1004,84,45,28
2026-08-08 10:57:00,SENS-1004,90,46,30
2026-08-08 11:12:00,SENS-1004,77,36,25
2026-08-08 11:27:00,SENS-1004,122,61,40
2026-08-08 11:42:00,SENS-1004,156,68,52
2026-08-08 11:57:00,SENS-1004,128,57,42
2026-08-08 12:12:00,SENS-1004,52,66,17
2026-08-08 12:27:00,SENS-1004,144,45,48
2026-08-08 12:42:00,SENS-1004,112,56,37
2026-08-08 12:57:00,SENS-1004,77,60,25
2026-08-08 13:12:00,SENS-1004,161,65,53
2026-08-08 13:27:00,SENS-1004,51,39,17
2026-08-08 13:42:00,SENS-1004,126,64,42
2026-08-08 13:57:00,SENS-1004,86,39,28
2026-08-08 14:12:00,SENS-1004,57,40,19
2026-08-08 14:27:00,SENS-1004,79,51,26
2026-08-08 14:42:00,SENS-1004,68,55,22
2026-08-08 14:57:00,SENS-1004,91,49,30
2026-08-08 15:12:00,SENS-1004,97,63,32
2026-08-08 15:27:00,SENS-1004,151,39,50
2026-08-08 15:42:00,SENS-1004,127,50,42
2026-08-08 15:57:00,SENS-1004,107,72,35
2026-08-08 16:12:00,SENS-1004,181,37,60
2026-08-08 16:27:00,SENS-1004,287,20,95
2026-08-08 16:42:00,SENS-1004,329,37,100
2026-08-08 16:57:00,SENS-1004,143,33,47
2026-08-08 17:12:00,SENS-1004,152,21,50
2026-08-08 17:27:00,SENS-1004,156,35,52
2026-08-08 17:42:00,SENS-1004,158,15,72
2026-08-08 17:57:00,SENS-1004,260,33,86
2026-08-08 18:12:00,SENS-1004,127,27,42
2026-08-08 18:27:00,SENS-1004,165,10,75
2026-08-08 18:42:00,SENS-1004,190,32,63
2026-08-08 18:57:00,SENS-1004,262,36,87
2026-08-08 19:12:00,SENS-1004,296,33,98
2026-08-08 19:27:00,SENS-1004,303,14,100
2026-08-08 19:42:00,SENS-1004,295,22,98
2026-08-08 19:57:00,SENS-1004,196,12,85
2026-08-08 20:12:00,SENS-1004,95,73,31
2026-08-08 20:27:00,SENS-1004,108,45,36
2026-08-08 20:42:00,SENS-1004,123,68,41
2026-08-08 20:57:00,SENS-1004,134,38,44
2026-08-08 21:12:00,SENS-1004,46,44,15
2026-08-08 21:27:00,SENS-1004,55,55,18
2026-08-08 21:42:00,SENS-1004,36,45,12
2026-08-08 21:57:00,SENS-1004,75,59,25
2026-08-08 22:12:00,SENS-1004,67,66,22
2026-08-08 22:27:00,SENS-1004,62,38,20
2026-08-08 22:42:00,SENS-1004,159,61,53
2026-08-08 22:57:00,SENS-1004,207,58,69
2026-08-08 23:12:00,SENS-1004,10,80,3
2026-08-08 23:27:00,SENS-1004,32,68,10
2026-08-08 23:42:00,SENS-1004,50,56,16
2026-08-08 23:57:00,SENS-1004,54,74,18
2026-08-09 00:12:00,SENS-1004,23,63,7
2026-08-09 00:27:00,SENS-1004,39,57,13
2026-08-09 00:42:00,SENS-1004,26,86,8
2026-08-09 00:57:00,SENS-1004,27,53,9
2026-08-09 01:12:00,SENS-1004,11,58,3
2026-08-09 01:27:00,SENS-1004,20,53,6
2026-08-09 01:42:00,SENS-1004,23,77,7
2026-08-09 01:57:00,SENS-1004,13,65,4
2026-08-09 02:12:00,SENS-1004,22,78,7
2026-08-09 02:27:00,SENS-1004,50,97,16
2026-08-09 02:42:00,SENS-1004,17,57,5
2026-08-09 02:57:00,SENS-1004,29,92,9
2026-08-09 03:12:00,SENS-1004,50,83,16
2026-08-09 03:27:00,SENS-1004,14,86,4
2026-08-09 03:42:00,SENS-1004,47,79,15
2026-08-09 03:57:00,SENS-1004,65,85,21
2026-08-09 04:12:00,SENS-1004,43,80,14
2026-08-09 04:27:00,SENS-1004,41,80,13
2026-08-09 04:42:00,SENS-1004,33,69,11
2026-08-09 04:57:00,SENS-1004,15,90,5
2026-08-09 05:12:00,SENS-1004,35,88,11
2026-08-09 05:27:00,SENS-1004,25,77,8
2026-08-09 05:42:00,SENS-1004,19,88,6
2026-08-09 05:57:00,SENS-1004,29,81,9
2026-08-09 06:12:00,SENS-1004,168,58,56
2026-08-09 06:27:00,SENS-1004,74,66,24
2026-08-09 06:42:00,SENS-1004,61,58,20
2026-08-09 06:57:00,SENS-1004,50,64,16
2026-08-09 07:12:00,SENS-1004,289,9,100
2026-08-09 07:27:00,SENS-1004,221,35,73
2026-08-09 07:42:00,SENS-1004,353,35,100
2026-08-09 07:57:00,SENS-1004,260,10,100
2026-08-09 08:12:00,SENS-1004,326,26,100
2026-08-09 08:27:00,SENS-1004,164,20,54
2026-08-09 08:42:00,SENS-1004,207,9,89
2026-08-09 08:57:00,SENS-1004,331,40,100
2026-08-09 09:12:00,SENS-1004,252,39,84
2026-08-09 09:27:00,SENS-1004,286,34,95
2026-08-09 09:42:00,SENS-1004,221,11,93
2026-08-09 09:57:00,SENS-1004,281,28,93
2026-08-09 10:12:00,SENS-1004,145,44,48
2026-08-09 10:27:00,SENS-1004,139,56,46
2026-08-09 10:42:00,SENS-1004,44,56,14
2026-08-09 10:57:00,SENS-1004,120,47,40
2026-08-09 11:12:00,SENS-1004,121,52,40
2026-08-09 11:27:00,SENS-1004,103,65,34
2026-08-09 11:42:00,SENS-1004,108,72,36
2026-08-09 11:57:00,SENS-1004,111,50,37
2026-08-09 12:12:00,SENS-1004,76,59,25
2026-08-09 12:27:00,SENS-1004,93,37,31
2026-08-09 12:42:00,SENS-1004,98,64,32
2026-08-09 12:57:00,SENS-1004,61,64,20
2026-08-09 13:12:00,SENS-1004,69,51,23
2026-08-09 13:27:00,SENS-1004,126,67,42
2026-08-09 13:42:00,SENS-1004,81,73,27
2026-08-09 13:57:00,SENS-1004,75,47,25
2026-08-09 14:12:00,SENS-1004,125,46,41
2026-08-09 14:27:00,SENS-1004,58,68,19
2026-08-09 14:42:00,SENS-1004,82,47,27
2026-08-09 14:57:00,SENS-1004,176,37,58
2026-08-09 15:12:00,SENS-1004,137,68,45
2026-08-09 15:27:00,SENS-1004,89,35,29
2026-08-09 15:42:00,SENS-1004,68,67,22
2026-08-09 15:57:00,SENS-1004,110,58,36
2026-08-09 16:12:00,SENS-1004,226,24,75
2026-08-09 16:27:00,SENS-1004,231,33,77
2026-08-09 16:42:00,SENS-1004,131,10,63
2026-08-09 16:57:00,SENS-1004,272,28,90
2026-08-09 17:12:00,SENS-1004,177,28,59
2026-08-09 17:27:00,SENS-1004,253,27,84
2026-08-09 17:42:00,SENS-1004,127,36,42
2026-08-09 17:57:00,SENS-1004,191,30,63
2026-08-09 18:12:00,SENS-1004,295,32,98
2026-08-09 18:27:00,SENS-1004,164,34,54
2026-08-09 18:42:00,SENS-1004,145,26,48
2026-08-09 18:57:00,SENS-1004,155,32,51
2026-08-09 19:12:00,SENS-1004,228,33,76
2026-08-09 19:27:00,SENS-1004,178,9,79
2026-08-09 19:42:00,SENS-1004,321,16,100
2026-08-09 19:57:00,SENS-1004,213,13,91
2026-08-09 20:12:00,SENS-1004,148,35,49
2026-08-09 20:27:00,SENS-1004,120,52,40
2026-08-09 20:42:00,SENS-1004,77,52,25
2026-08-09 20:57:00,SENS-1004,130,58,43
2026-08-09 21:12:00,SENS-1004,45,37,15
2026-08-09 21:27:00,SENS-1004,63,65,21
2026-08-09 21:42:00,SENS-1004,93,61,31
2026-08-09 21:57:00,SENS-1004,98,43,32
2026-08-09 22:12:00,SENS-1004,73,28,24
2026-08-09 22:27:00,SENS-1004,112,40,37
2026-08-09 22:42:00,SENS-1004,97,61,32
2026-08-09 22:57:00,SENS-1004,71,43,23
2026-08-09 23:12:00,SENS-1004,50,93,16
2026-08-09 23:27:00,SENS-1004,51,71,17
2026-08-09 23:42:00,SENS-1004,25,85,8
2026-08-09 23:57:00,SENS-1004,22,83,7
2026-08-10 00:12:00,SENS-1004,18,62,6
2026-08-10 00:27:00,SENS-1004,31,68,10
2026-08-10 00:42:00,SENS-1004,45,61,15
2026-08-10 00:57:00,SENS-1004,46,87,15
2026-08-10 01:12:00,SENS-1004,13,74,4
2026-08-10 01:27:00,SENS-1004,22,81,7
2026-08-10 01:42:00,SENS-1004,41,69,13
2026-08-10 01:57:00,SENS-1004,17,68,5
2026-08-10 02:12:00,SENS-1004,17,67,5
2026-08-10 02:27:00,SENS-1004,41,84,13
2026-08-10 02:42:00,SENS-1004,48,81,16
2026-08-10 02:57:00,SENS-1004,37,91,12
2026-08-10 03:12:00,SENS-1004,11,85,3
2026-08-10 03:27:00,SENS-1004,25,69,8
2026-08-10 03:42:00,SENS-1004,17,88,5
2026-08-10 03:57:00,SENS-1004,31,73,10
2026-08-10 04:12:00,SENS-1004,17,92,5
2026-08-10 04:27:00,SENS-1004,20,64,6
2026-08-10 04:42:00,SENS-1004,13,84,4
2026-08-10 04:57:00,SENS-1004,17,91,5
2026-08-10 05:12:00,SENS-1004,31,90,10
2026-08-10 05:27:00,SENS-1004,23,67,7
2026-08-10 05:42:00,SENS-1004,47,109,15
2026-08-10 05:57:00,SENS-1004,49,76,16
2026-08-10 06:12:00,SENS-1004,66,68,22
2026-08-10 06:27:00,SENS-1004,69,41,23
2026-08-10 06:42:00,SENS-1004,110,53,36
2026-08-10 06:57:00,SENS-1004,113,59,37
2026-08-10 07:12:00,SENS-1004,265,27,88
2026-08-10 07:27:00,SENS-1004,191,9,83
2026-08-10 07:42:00,SENS-1004,248,30,82
2026-08-10 07:57:00,SENS-1004,252,10,100
2026-08-10 08:12:00,SENS-1004,159,20,53
2026-08-10 08:27:00,SENS-1004,293,28,97
2026-08-10 08:42:00,SENS-1004,212,18,90
2026-08-10 08:57:00,SENS-1004,272,20,90
2026-08-10 09:12:00,SENS-1004,189,22,63
2026-08-10 09:27:00,SENS-1004,187,30,62
2026-08-10 09:42:00,SENS-1004,325,38,100
2026-08-10 09:57:00,SENS-1004,259,29,86
2026-08-10 10:12:00,SENS-1004,132,52,44
2026-08-10 10:27:00,SENS-1004,90,67,30
2026-08-10 10:42:00,SENS-1004,81,69,27
2026-08-10 10:57:00,SENS-1004,94,59,31
2026-08-10 11:12:00,SENS-1004,76,55,25
2026-08-10 11:27:00,SENS-1004,85,66,28
2026-08-10 11:42:00,SENS-1004,132,61,44
2026-08-10 11:57:00,SENS-1004,146,70,48
2026-08-10 12:12:00,SENS-1004,58,68,19
2026-08-10 12:27:00,SENS-1004,127,43,42
2026-08-10 12:42:00,SENS-1004,95,61,31
2026-08-10 12:57:00,SENS-1004,77,63,25
2026-08-10 13:12:00,SENS-1004,67,58,22
2026-08-10 13:27:00,SENS-1004,61,75,20
2026-08-10 13:42:00,SENS-1004,55,49,18
2026-08-10 13:57:00,SENS-1004,176,59,58
2026-08-10 14:12:00,SENS-1004,115,48,38
2026-08-10 14:27:00,SENS-1004,55,74,18
2026-08-10 14:42:00,SENS-1004,139,42,46
2026-08-10 14:57:00,SENS-1004,62,43,20
2026-08-10 15:12:00,SENS-1004,88,57,29
2026-08-10 15:27:00,SENS-1004,63,66,21
2026-08-10 15:42:00,SENS-1004,154,53,51
2026-08-10 15:57:00,SENS-1004,159,47,53
2026-08-10 16:12:00,SENS-1004,238,33,79
2026-08-10 16:27:00,SENS-1004,200,22,66
2026-08-10 16:42:00,SENS-1004,305,25,100
2026-08-10 16:57:00,SENS-1004,350,28,100
2026-08-10 17:12:00,SENS-1004,171,17,76
2026-08-10 17:27:00,SENS-1004,205,27,68
2026-08-10 17:42:00,SENS-1004,289,15,100
2026-08-10 17:57:00,SENS-1004,341,22,100
2026-08-10 18:12:00,SENS-1004,213,19,91
2026-08-10 18:27:00,SENS-1004,315,29,100
2026-08-10 18:42:00,SENS-1004,197,35,65
2026-08-10 18:57:00,SENS-1004,243,32,81
2026-08-10 19:12:00,SENS-1004,281,30,93
2026-08-10 19:27:00,SENS-1004,160,10,73
2026-08-10 19:42:00,SENS-1004,191,28,63
2026-08-10 19:57:00,SENS-1004,328,32,100
2026-08-10 20:12:00,SENS-1004,199,56,66
2026-08-10 20:27:00,SENS-1004,131,43,43
2026-08-10 20:42:00,SENS-1004,131,53,43
2026-08-10 20:57:00,SENS-1004,87,50,28
2026-08-10 21:12:00,SENS-1004,144,57,48
2026-08-10 21:27:00,SENS-1004,99,56,33
2026-08-10 21:42:00,SENS-1004,127,57,42
2026-08-10 21:57:00,SENS-1004,131,65,43
2026-08-10 22:12:00,SENS-1004,52,48,17
2026-08-10 22:27:00,SENS-1004,109,47,36
2026-08-10 22:42:00,SENS-1004,133,43,44
2026-08-10 22:57:00,SENS-1004,68,52,22
2026-08-10 23:12:00,SENS-1004,30,80,10
2026-08-10 23:27:00,SENS-1004,10,84,3
2026-08-10 23:42:00,SENS-1004,47,58,15
2026-08-10 23:57:00,SENS-1004,66,69,22
2026-08-11 00:12:00,SENS-1004,35,76,11
2026-08-11 00:27:00,SENS-1004,46,63,15
2026-08-11 00:42:00,SENS-1004,32,80,10
2026-08-11 00:57:00,SENS-1004,16,74,5
2026-08-11 01:12:00,SENS-1004,18,105,6
2026-08-11 01:27:00,SENS-1004,34,65,11
2026-08-11 01:42:00,SENS-1004,23,50,7
2026-08-11 01:57:00,SENS-1004,32,76,10
2026-08-11 02:12:00,SENS-1004,16,54,5
2026-08-11 02:27:00,SENS-1004,44,84,14
2026-08-11 02:42:00,SENS-1004,12,73,4
2026-08-11 02:57:00,SENS-1004,33,90,11
2026-08-11 03:12:00,SENS-1004,22,69,7
2026-08-11 03:27:00,SENS-1004,9,62,3
2026-08-11 03:42:00,SENS-1004,33,79,11
2026-08-11 03:57:00,SENS-1004,39,84,13
2026-08-11 04:12:00,SENS-1004,25,63,8
2026-08-11 04:27:00,SENS-1004,12,81,4
2026-08-11 04:42:00,SENS-1004,10,70,3
2026-08-11 04:57:00,SENS-1004,38,55,12
2026-08-11 05:12:00,SENS-1004,29,59,9
2026-08-11 05:27:00,SENS-1004,34,60,11
2026-08-11 05:42:00,SENS-1004,18,94,6
2026-08-11 05:57:00,SENS-1004,15,54,5
2026-08-11 06:12:00,SENS-1004,140,46,46
2026-08-11 06:27:00,SENS-1004,85,41,28
2026-08-11 06:42:00,SENS-1004,81,40,27
2026-08-11 06:57:00,SENS-1004,79,34,26
2026-08-11 07:12:00,SENS-1004,118,37,39
2026-08-11 07:27:00,SENS-1004,216,25,72
2026-08-11 07:42:00,SENS-1004,162,21,54
2026-08-11 07:57:00,SENS-1004,236,10,98
2026-08-11 08:12:00,SENS-1004,151,25,50
2026-08-11 08:27:00,SENS-1004,189,10,83
2026-08-11 08:42:00,SENS-1004,146,25,48
2026-08-11 08:57:00,SENS-1004,180,37,60
2026-08-11 09:12:00,SENS-1004,237,16,99
2026-08-11 09:27:00,SENS-1004,258,39,86
2026-08-11 09:42:00,SENS-1004,287,20,95
2026-08-11 09:57:00,SENS-1004,141,14,67
2026-08-11 10:12:00,SENS-1004,49,79,16
2026-08-11 10:27:00,SENS-1004,79,42,26
2026-08-11 10:42:00,SENS-1004,112,46,37
2026-08-11 10:57:00,SENS-1004,81,56,27
2026-08-11 11:12:00,SENS-1004,61,50,20
2026-08-11 11:27:00,SENS-1004,112,64,37
2026-08-11 11:42:00,SENS-1004,88,51,29
2026-08-11 11:57:00,SENS-1004,66,76,22
2026-08-11 12:12:00,SENS-1004,59,39,19
2026-08-11 12:27:00,SENS-1004,102,63,34
2026-08-11 12:42:00,SENS-1004,140,46,46
2026-08-11 12:57:00,SENS-1004,105,56,35
2026-08-11 13:12:00,SENS-1004,92,58,30
2026-08-11 13:27:00,SENS-1004,88,37,29
2026-08-11 13:42:00,SENS-1004,149,58,49
2026-08-11 13:57:00,SENS-1004,81,54,27
2026-08-11 14:12:00,SENS-1004,134,66,44
2026-08-11 14:27:00,SENS-1004,97,64,32
2026-08-11 14:42:00,SENS-1004,144,50,48
2026-08-11 14:57:00,SENS-1004,74,55,24
2026-08-11 15:12:00,SENS-1004,133,64,44
2026-08-11 15:27:00,SENS-1004,118,51,39
2026-08-11 15:42:00,SENS-1004,48,56,16
2026-08-11 15:57:00,SENS-1004,88,47,29
2026-08-11 16:12:00,SENS-1004,155,12,71
2026-08-11 16:27:00,SENS-1004,172,21,57
2026-08-11 16:42:00,SENS-1004,264,14,100
2026-08-11 16:57:00,SENS-1004,164,16,74
2026-08-11 17:12:00,SENS-1004,218,15,92
2026-08-11 17:27:00,SENS-1004,192,20,64
2026-08-11 17:42:00,SENS-1004,336,30,100
2026-08-11 17:57:00,SENS-1004,345,36,100
2026-08-11 18:12:00,SENS-1004,122,28,40
2026-08-11 18:27:00,SENS-1004,296,15,100
2026-08-11 18:42:00,SENS-1004,252,15,100
2026-08-11 18:57:00,SENS-1004,246,29,82
2026-08-11 19:12:00,SENS-1004,127,30,42
2026-08-11 19:27:00,SENS-1004,257,11,100
2026-08-11 19:42:00,SENS-1004,176,14,78
2026-08-11 19:57:00,SENS-1004,260,29,86
2026-08-11 20:12:00,SENS-1004,111,53,37
2026-08-11 20:27:00,SENS-1004,111,46,37
2026-08-11 20:42:00,SENS-1004,104,43,34
2026-08-11 20:57:00,SENS-1004,91,50,30
2026-08-11 21:12:00,SENS-1004,116,42,38
2026-08-11 21:27:00,SENS-1004,167,77,55
2026-08-11 21:42:00,SENS-1004,107,45,35
2026-08-11 21:57:00,SENS-1004,57,59,19
2026-08-11 22:12:00,SENS-1004,72,37,24
2026-08-11 22:27:00,SENS-1004,124,73,41
2026-08-11 22:42:00,SENS-1004,113,73,37
2026-08-11 22:57:00,SENS-1004,124,63,41
2026-08-11 23:12:00,SENS-1004,17,61,5
2026-08-11 23:27:00,SENS-1004,37,88,12
2026-08-11 23:42:00,SENS-1004,15,94,5
2026-08-11 23:57:00,SENS-1004,63,89,21
2026-08-12 00:12:00,SENS-1004,11,77,3
2026-08-12 00:27:00,SENS-1004,13,102,4
2026-08-12 00:42:00,SENS-1004,16,87,5
2026-08-12 00:57:00,SENS-1004,14,63,4
2026-08-12 01:12:00,SENS-1004,38,86,12
2026-08-12 01:27:00,SENS-1004,46,88,15
2026-08-12 01:42:00,SENS-1004,21,63,7
2026-08-12 01:57:00,SENS-1004,32,87,10
2026-08-12 02:12:00,SENS-1004,38,85,12
2026-08-12 02:27:00,SENS-1004,14,68,4
2026-08-12 02:42:00,SENS-1004,19,82,6
2026-08-12 02:57:00,SENS-1004,30,73,10
2026-08-12 03:12:00,SENS-1004,51,82,17
2026-08-12 03:27:00,SENS-1004,45,76,15
2026-08-12 03:42:00,SENS-1004,6,63,2
2026-08-12 03:57:00,SENS-1004,53,68,17
2026-08-12 04:12:00,SENS-1004,12,80,4
2026-08-12 04:27:00,SENS-1004,61,81,20
2026-08-12 04:42:00,SENS-1004,10,72,3
2026-08-12 04:57:00,SENS-1004,40,64,13
2026-08-12 05:12:00,SENS-1004,33,60,11
2026-08-12 05:27:00,SENS-1004,60,71,20
2026-08-12 05:42:00,SENS-1004,26,62,8
2026-08-12 05:57:00,SENS-1004,45,67,15
2026-08-12 06:12:00,SENS-1004,69,47,23
2026-08-12 06:27:00,SENS-1004,62,47,20
2026-08-12 06:42:00,SENS-1004,140,41,46
2026-08-12 06:57:00,SENS-1004,48,46,16
2026-08-12 07:12:00,SENS-1004,165,28,55
2026-08-12 07:27:00,SENS-1004,189,13,83
2026-08-12 07:42:00,SENS-1004,239,11,99
2026-08-12 07:57:00,SENS-1004,216,16,92
2026-08-12 08:12:00,SENS-1004,188,25,62
2026-08-12 08:27:00,SENS-1004,258,9,100
2026-08-12 08:42:00,SENS-1004,226,30,75
2026-08-12 08:57:00,SENS-1004,294,12,100
2026-08-12 09:12:00,SENS-1004,216,27,72
2026-08-12 09:27:00,SENS-1004,249,11,100
2026-08-12 09:42:00,SENS-1004,197,33,65
2026-08-12 09:57:00,SENS-1004,185,38,61
2026-08-12 10:12:00,SENS-1004,139,60,46
2026-08-12 10:27:00,SENS-1004,95,77,31
2026-08-12 10:42:00,SENS-1004,101,66,33
2026-08-12 10:57:00,SENS-1004,83,54,27
2026-08-12 11:12:00,SENS-1004,94,72,31
2026-08-12 11:27:00,SENS-1004,88,49,29
2026-08-12 11:42:00,SENS-1004,83,84,27
2026-08-12 11:57:00,SENS-1004,140,61,46
2026-08-12 12:12:00,SENS-1004,83,63,27
2026-08-12 12:27:00,SENS-1004,50,46,16
2026-08-12 12:42:00,SENS-1004,72,65,24
2026-08-12 12:57:00,SENS-1004,110,42,36
2026-08-12 13:12:00,SENS-1004,132,60,44
2026-08-12 13:27:00,SENS-1004,157,64,52
2026-08-12 13:42:00,SENS-1004,110,53,36
2026-08-12 13:57:00,SENS-1004,127,59,42
2026-08-12 14:12:00,SENS-1004,62,58,20
2026-08-12 14:27:00,SENS-1004,191,41,63
2026-08-12 14:42:00,SENS-1004,55,56,18
2026-08-12 14:57:00,SENS-1004,97,58,32
2026-08-12 15:12:00,SENS-1004,65,55,21
2026-08-12 15:27:00,SENS-1004,83,65,27
2026-08-12 15:42:00,SENS-1004,132,71,44
2026-08-12 15:57:00,SENS-1004,48,57,16
2026-08-12 16:12:00,SENS-1004,111,43,37
2026-08-12 16:27:00,SENS-1004,311,11,100
2026-08-12 16:42:00,SENS-1004,206,30,68
2026-08-12 16:57:00,SENS-1004,167,12,75
2026-08-12 17:12:00,SENS-1004,263,26,87
2026-08-12 17:27:00,SENS-1004,150,28,50
2026-08-12 17:42:00,SENS-1004,284,36,94
2026-08-12 17:57:00,SENS-1004,250,39,83
2026-08-12 18:12:00,SENS-1004,362,12,100
2026-08-12 18:27:00,SENS-1004,217,16,92
2026-08-12 18:42:00,SENS-1004,242,30,80
2026-08-12 18:57:00,SENS-1004,260,38,86
2026-08-12 19:12:00,SENS-1004,165,34,55
2026-08-12 19:27:00,SENS-1004,288,18,100
2026-08-12 19:42:00,SENS-1004,271,38,90
2026-08-12 19:57:00,SENS-1004,171,21,56
2026-08-12 20:12:00,SENS-1004,126,60,42
2026-08-12 20:27:00,SENS-1004,75,47,25
2026-08-12 20:42:00,SENS-1004,92,73,30
2026-08-12 20:57:00,SENS-1004,130,70,43
2026-08-12 21:12:00,SENS-1004,102,49,34
2026-08-12 21:27:00,SENS-1004,76,53,25
2026-08-12 21:42:00,SENS-1004,114,72,38
2026-08-12 21:57:00,SENS-1004,75,70,25
2026-08-12 22:12:00,SENS-1004,84,49,28
2026-08-12 22:27:00,SENS-1004,91,55,30
2026-08-12 22:42:00,SENS-1004,70,49,23
2026-08-12 22:57:00,SENS-1004,149,57,49
2026-08-12 23:12:00,SENS-1004,18,61,6
2026-08-12 23:27:00,SENS-1004,24,90,8
2026-08-12 23:42:00,SENS-1004,18,77,6
2026-08-12 23:57:00,SENS-1004,15,90,5
2026-08-13 00:12:00,SENS-1004,27,82,9
2026-08-13 00:27:00,SENS-1004,45,80,15
2026-08-13 00:42:00,SENS-1004,19,81,6
2026-08-13 00:57:00,SENS-1004,18,77,6
2026-08-13 01:12:00,SENS-1004,16,55,5
2026-08-13 01:27:00,SENS-1004,34,84,11
2026-08-13 01:42:00,SENS-1004,13,96,4
2026-08-13 01:57:00,SENS-1004,26,87,8
2026-08-13 02:12:00,SENS-1004,8,59,2
2026-08-13 02:27:00,SENS-1004,13,83,4
2026-08-13 02:42:00,SENS-1004,23,95,7
2026-08-13 02:57:00,SENS-1004,13,85,4
2026-08-13 03:12:00,SENS-1004,39,67,13
2026-08-13 03:27:00,SENS-1004,37,71,12
2026-08-13 03:42:00,SENS-1004,23,98,7
2026-08-13 03:57:00,SENS-1004,20,61,6
2026-08-13 04:12:00,SENS-1004,16,79,5
2026-08-13 04:27:00,SENS-1004,36,79,12
2026-08-13 04:42:00,SENS-1004,41,66,13
2026-08-13 04:57:00,SENS-1004,33,80,11
2026-08-13 05:12:00,SENS-1004,33,88,11
2026-08-13 05:27:00,SENS-1004,23,78,7
2026-08-13 05:42:00,SENS-1004,31,72,10
2026-08-13 05:57:00,SENS-1004,20,79,6
2026-08-13 06:12:00,SENS-1004,167,65,55
2026-08-13 06:27:00,SENS-1004,83,63,27
2026-08-13 06:42:00,SENS-1004,89,60,29
2026-08-13 06:57:00,SENS-1004,57,41,19
2026-08-13 07:12:00,SENS-1004,230,26,76
2026-08-13 07:27:00,SENS-1004,124,10,61
2026-08-13 07:42:00,SENS-1004,232,12,97
2026-08-13 07:57:00,SENS-1004,172,17,77
2026-08-13 08:12:00,SENS-1004,103,47,34
2026-08-13 08:27:00,SENS-1004,196,35,65
2026-08-13 08:42:00,SENS-1004,395,36,100
2026-08-13 08:57:00,SENS-1004,293,17,100
2026-08-13 09:12:00,SENS-1004,190,41,63
2026-08-13 09:27:00,SENS-1004,188,28,62
2026-08-13 09:42:00,SENS-1004,254,16,100
2026-08-13 09:57:00,SENS-1004,173,45,57
2026-08-13 10:12:00,SENS-1004,76,66,25
2026-08-13 10:27:00,SENS-1004,75,61,25
2026-08-13 10:42:00,SENS-1004,86,50,28
2026-08-13 10:57:00,SENS-1004,141,46,47
2026-08-13 11:12:00,SENS-1004,89,40,29
2026-08-13 11:27:00,SENS-1004,34,60,11
2026-08-13 11:42:00,SENS-1004,79,38,26
2026-08-13 11:57:00,SENS-1004,92,42,30
2026-08-13 12:12:00,SENS-1004,67,71,22
2026-08-13 12:27:00,SENS-1004,69,62,23
2026-08-13 12:42:00,SENS-1004,76,53,25
2026-08-13 12:57:00,SENS-1004,175,56,58
2026-08-13 13:12:00,SENS-1004,90,57,30
2026-08-13 13:27:00,SENS-1004,108,43,36
2026-08-13 13:42:00,SENS-1004,49,60,16
2026-08-13 13:57:00,SENS-1004,96,64,32
2026-08-13 14:12:00,SENS-1004,58,55,19
2026-08-13 14:27:00,SENS-1004,124,58,41
2026-08-13 14:42:00,SENS-1004,48,53,16
2026-08-13 14:57:00,SENS-1004,112,47,37
2026-08-13 15:12:00,SENS-1004,98,40,32
2026-08-13 15:27:00,SENS-1004,58,53,19
2026-08-13 15:42:00,SENS-1004,168,41,56
2026-08-13 15:57:00,SENS-1004,42,40,14
2026-08-13 16:12:00,SENS-1004,348,27,100
2026-08-13 16:27:00,SENS-1004,129,20,43
2026-08-13 16:42:00,SENS-1004,287,35,95
2026-08-13 16:57:00,SENS-1004,259,22,86
2026-08-13 17:12:00,SENS-1004,147,22,49
2026-08-13 17:27:00,SENS-1004,140,21,46
2026-08-13 17:42:00,SENS-1004,257,9,100
2026-08-13 17:57:00,SENS-1004,188,32,62
2026-08-13 18:12:00,SENS-1004,219,25,73
2026-08-13 18:27:00,SENS-1004,223,15,94
2026-08-13 18:42:00,SENS-1004,165,18,75
2026-08-13 18:57:00,SENS-1004,163,21,54
2026-08-13 19:12:00,SENS-1004,175,10,78
2026-08-13 19:27:00,SENS-1004,186,16,82
2026-08-13 19:42:00,SENS-1004,234,29,78
2026-08-13 19:57:00,SENS-1004,306,24,100
2026-08-13 20:12:00,SENS-1004,161,73,53
2026-08-13 20:27:00,SENS-1004,55,58,18
2026-08-13 20:42:00,SENS-1004,75,46,25
2026-08-13 20:57:00,SENS-1004,51,60,17
2026-08-13 21:12:00,SENS-1004,127,48,42
2026-08-13 21:27:00,SENS-1004,78,73,26
2026-08-13 21:42:00,SENS-1004,174,74,57
2026-08-13 21:57:00,SENS-1004,67,42,22
2026-08-13 22:12:00,SENS-1004,102,54,34
2026-08-13 22:27:00,SENS-1004,73,58,24
2026-08-13 22:42:00,SENS-1004,94,60,31
2026-08-13 22:57:00,SENS-1004,67,67,22
2026-08-13 23:12:00,SENS-1004,61,63,20
2026-08-13 23:27:00,SENS-1004,23,60,7
2026-08-13 23:42:00,SENS-1004,26,82,8
2026-08-13 23:57:00,SENS-1004,26,98,8
2026-08-14 00:12:00,SENS-1004,28,71,9
2026-08-14 00:27:00,SENS-1004,15,65,5
2026-08-14 00:42:00,SENS-1004,37,86,12
2026-08-14 00:57:00,SENS-1004,30,79,10
2026-08-14 01:12:00,SENS-1004,19,77,6
2026-08-14 01:27:00,SENS-1004,44,58,14
2026-08-14 01:42:00,SENS-1004,40,69,13
2026-08-14 01:57:00,SENS-1004,42,48,14
2026-08-14 02:12:00,SENS-1004,39,72,13
2026-08-14 02:27:00,SENS-1004,23,77,7
2026-08-14 02:42:00,SENS-1004,32,74,10
2026-08-14 02:57:00,SENS-1004,50,63,16
2026-08-14 03:12:00,SENS-1004,16,59,5
2026-08-14 03:27:00,SENS-1004,37,81,12
2026-08-14 03:42:00,SENS-1004,25,72,8
2026-08-14 03:57:00,SENS-1004,38,98,12
2026-08-14 04:12:00,SENS-1004,29,70,9
2026-08-14 04:27:00,SENS-1004,19,68,6
2026-08-14 04:42:00,SENS-1004,25,73,8
2026-08-14 04:57:00,SENS-1004,30,85,10
2026-08-14 05:12:00,SENS-1004,36,85,12
2026-08-14 05:27:00,SENS-1004,36,63,12
2026-08-14 05:42:00,SENS-1004,41,85,13
2026-08-14 05:57:00,SENS-1004,25,83,8
2026-08-14 06:12:00,SENS-1004,100,66,33
2026-08-14 06:27:00,SENS-1004,85,52,28
2026-08-14 06:42:00,SENS-1004,130,64,43
2026-08-14 06:57:00,SENS-1004,106,45,35
2026-08-14 07:12:00,SENS-1004,285,39,95
2026-08-14 07:27:00,SENS-1004,144,15,68
2026-08-14 07:42:00,SENS-1004,284,26,94
2026-08-14 07:57:00,SENS-1004,205,22,68
2026-08-14 08:12:00,SENS-1004,199,33,66
2026-08-14 08:27:00,SENS-1004,187,35,62
2026-08-14 08:42:00,SENS-1004,228,15,96
2026-08-14 08:57:00,SENS-1004,229,13,96
2026-08-14 09:12:00,SENS-1004,220,12,93
2026-08-14 09:27:00,SENS-1004,242,42,80
2026-08-14 09:42:00,SENS-1004,162,17,74
2026-08-14 09:57:00,SENS-1004,244,36,81
2026-08-14 10:12:00,SENS-1004,97,49,32
2026-08-14 10:27:00,SENS-1004,43,83,14
2026-08-14 10:42:00,SENS-1004,56,64,18
2026-08-14 10:57:00,SENS-1004,48,48,16
2026-08-14 11:12:00,SENS-1004,86,57,28
2026-08-14 11:27:00,SENS-1004,67,59,22
2026-08-14 11:42:00,SENS-1004,77,41,25
2026-08-14 11:57:00,SENS-1004,58,57,19
2026-08-14 12:12:00,SENS-1004,71,62,23
2026-08-14 12:27:00,SENS-1004,92,58,30
2026-08-14 12:42:00,SENS-1004,116,59,38
2026-08-14 12:57:00,SENS-1004,101,61,33
2026-08-14 13:12:00,SENS-1004,60,60,20
2026-08-14 13:27:00,SENS-1004,57,58,19
2026-08-14 13:42:00,SENS-1004,97,39,32
2026-08-14 13:57:00,SENS-1004,49,38,16
2026-08-14 14:12:00,SENS-1004,44,47,14
2026-08-14 14:27:00,SENS-1004,95,45,31
2026-08-14 14:42:00,SENS-1004,57,57,19
2026-08-14 14:57:00,SENS-1004,45,57,15
2026-08-14 15:12:00,SENS-1004,56,65,18
2026-08-14 15:27:00,SENS-1004,54,39,18
2026-08-14 15:42:00,SENS-1004,90,46,30
2026-08-14 15:57:00,SENS-1004,190,68,63
2026-08-14 16:12:00,SENS-1004,286,34,95
2026-08-14 16:27:00,SENS-1004,190,15,83
2026-08-14 16:42:00,SENS-1004,228,33,76
2026-08-14 16:57:00,SENS-1004,211,30,70
2026-08-14 17:12:00,SENS-1004,185,20,61
2026-08-14 17:27:00,SENS-1004,235,32,78
2026-08-14 17:42:00,SENS-1004,210,34,70
2026-08-14 17:57:00,SENS-1004,309,34,100
2026-08-14 18:12:00,SENS-1004,189,31,63
2026-08-14 18:27:00,SENS-1004,265,24,88
2026-08-14 18:42:00,SENS-1004,324,14,100
2026-08-14 18:57:00,SENS-1004,234,36,78
2026-08-14 19:12:00,SENS-1004,288,24,96
2026-08-14 19:27:00,SENS-1004,219,37,73
2026-08-14 19:42:00,SENS-1004,175,38,58
2026-08-14 19:57:00,SENS-1004,218,23,72
2026-08-07 19:57:00,SENS-1005,307,17,100
2026-08-07 20:12:00,SENS-1005,71,46,23
2026-08-07 20:27:00,SENS-1005,60,45,20
2026-08-07 20:42:00,SENS-1005,98,49,32
2026-08-07 20:57:00,SENS-1005,83,56,27
2026-08-07 21:12:00,SENS-1005,77,49,25
2026-08-07 21:27:00,SENS-1005,71,48,23
2026-08-07 21:42:00,SENS-1005,54,52,18
2026-08-07 21:57:00,SENS-1005,110,54,36
2026-08-07 22:12:00,SENS-1005,98,68,32
2026-08-07 22:27:00,SENS-1005,197,85,65
2026-08-07 22:42:00,SENS-1005,57,48,19
2026-08-07 22:57:00,SENS-1005,122,42,40
2026-08-07 23:12:00,SENS-1005,11,59,3
2026-08-07 23:27:00,SENS-1005,14,59,4
2026-08-07 23:42:00,SENS-1005,26,56,8
2026-08-07 23:57:00,SENS-1005,18,89,6
2026-08-08 00:12:00,SENS-1005,38,80,12
2026-08-08 00:27:00,SENS-1005,25,59,8
2026-08-08 00:42:00,SENS-1005,44,95,14
2026-08-08 00:57:00,SENS-1005,19,82,6
2026-08-08 01:12:00,SENS-1005,25,74,8
2026-08-08 01:27:00,SENS-1005,15,100,5
2026-08-08 01:42:00,SENS-1005,32,79,10
2026-08-08 01:57:00,SENS-1005,41,68,13
2026-08-08 02:12:00,SENS-1005,32,69,10
2026-08-08 02:27:00,SENS-1005,22,70,7
2026-08-08 02:42:00,SENS-1005,45,57,15
2026-08-08 02:57:00,SENS-1005,31,67,10
2026-08-08 03:12:00,SENS-1005,27,61,9
2026-08-08 03:27:00,SENS-1005,50,60,16
2026-08-08 03:42:00,SENS-1005,18,89,6
2026-08-08 03:57:00,SENS-1005,39,68,13
2026-08-08 04:12:00,SENS-1005,14,93,4
2026-08-08 04:27:00,SENS-1005,45,73,15
2026-08-08 04:42:00,SENS-1005,8,67,2
2026-08-08 04:57:00,SENS-1005,48,82,16
2026-08-08 05:12:00,SENS-1005,15,73,5
2026-08-08 05:27:00,SENS-1005,12,86,4
2026-08-08 05:42:00,SENS-1005,29,63,9
2026-08-08 05:57:00,SENS-1005,27,79,9
2026-08-08 06:12:00,SENS-1005,148,53,49
2026-08-08 06:27:00,SENS-1005,48,36,16
2026-08-08 06:42:00,SENS-1005,69,50,23
2026-08-08 06:57:00,SENS-1005,186,46,62
2026-08-08 07:12:00,SENS-1005,313,29,100
2026-08-08 07:27:00,SENS-1005,220,21,73
2026-08-08 07:42:00,SENS-1005,238,22,79
2026-08-08 07:57:00,SENS-1005,205,19,88
2026-08-08 08:12:00,SENS-1005,275,42,91
2026-08-08 08:27:00,SENS-1005,191,29,63
2026-08-08 08:42:00,SENS-1005,210,9,90
2026-08-08 08:57:00,SENS-1005,273,33,91
2026-08-08 09:12:00,SENS-1005,132,22,44
2026-08-08 09:27:00,SENS-1005,272,10,100
2026-08-08 09:42:00,SENS-1005,203,22,67
2026-08-08 09:57:00,SENS-1005,273,24,91
2026-08-08 10:12:00,SENS-1005,91,59,30
2026-08-08 10:27:00,SENS-1005,115,64,38
2026-08-08 10:42:00,SENS-1005,80,59,26
2026-08-08 10:57:00,SENS-1005,99,34,33
2026-08-08 11:12:00,SENS-1005,116,55,38
2026-08-08 11:27:00,SENS-1005,96,47,32
2026-08-08 11:42:00,SENS-1005,35,35,11
2026-08-08 11:57:00,SENS-1005,75,48,25
2026-08-08 12:12:00,SENS-1005,159,76,53
2026-08-08 12:27:00,SENS-1005,130,42,43
2026-08-08 12:42:00,SENS-1005,53,50,17
2026-08-08 12:57:00,SENS-1005,45,40,15
2026-08-08 13:12:00,SENS-1005,85,59,28
2026-08-08 13:27:00,SENS-1005,182,51,60
2026-08-08 13:42:00,SENS-1005,150,56,50
2026-08-08 13:57:00,SENS-1005,105,53,35
2026-08-08 14:12:00,SENS-1005,123,61,41
2026-08-08 14:27:00,SENS-1005,93,44,31
2026-08-08 14:42:00,SENS-1005,52,51,17
2026-08-08 14:57:00,SENS-1005,73,78,24
2026-08-08 15:12:00,SENS-1005,95,53,31
2026-08-08 15:27:00,SENS-1005,74,38,24
2026-08-08 15:42:00,SENS-1005,108,60,36
2026-08-08 15:57:00,SENS-1005,84,44,28
2026-08-08 16:12:00,SENS-1005,180,35,60
2026-08-08 16:27:00,SENS-1005,212,18,90
2026-08-08 16:42:00,SENS-1005,178,19,79
2026-08-08 16:57:00,SENS-1005,233,18,97
2026-08-08 17:12:00,SENS-1005,218,20,72
2026-08-08 17:27:00,SENS-1005,218,34,72
2026-08-08 17:42:00,SENS-1005,116,36,38
2026-08-08 17:57:00,SENS-1005,118,27,39
2026-08-08 18:12:00,SENS-1005,292,10,100
2026-08-08 18:27:00,SENS-1005,137,23,45
2026-08-08 18:42:00,SENS-1005,154,22,51
2026-08-08 18:57:00,SENS-1005,183,10,81
2026-08-08 19:12:00,SENS-1005,174,23,57
2026-08-08 19:27:00,SENS-1005,186,21,62
2026-08-08 19:42:00,SENS-1005,336,14,100
2026-08-08 19:57:00,SENS-1005,203,11,87
2026-08-08 20:12:00,SENS-1005,123,61,41
2026-08-08 20:27:00,SENS-1005,66,40,22
2026-08-08 20:42:00,SENS-1005,126,62,42
2026-08-08 20:57:00,SENS-1005,125,47,41
2026-08-08 21:12:00,SENS-1005,101,53,33
2026-08-08 21:27:00,SENS-1005,65,48,21
2026-08-08 21:42:00,SENS-1005,103,40,34
2026-08-08 21:57:00,SENS-1005,82,64,27
2026-08-08 22:12:00,SENS-1005,62,58,20
2026-08-08 22:27:00,SENS-1005,87,54,28
2026-08-08 22:42:00,SENS-1005,125,38,41
2026-08-08 22:57:00,SENS-1005,119,46,39
2026-08-08 23:12:00,SENS-1005,53,73,17
2026-08-08 23:27:00,SENS-1005,15,60,5
2026-08-08 23:42:00,SENS-1005,26,83,8
2026-08-08 23:57:00,SENS-1005,23,77,7
2026-08-09 00:12:00,SENS-1005,17,79,5
2026-08-09 00:27:00,SENS-1005,43,66,14
2026-08-09 00:42:00,SENS-1005,33,92,11
2026-08-09 00:57:00,SENS-1005,30,84,10
2026-08-09 01:12:00,SENS-1005,46,75,15
2026-08-09 01:27:00,SENS-1005,11,84,3
2026-08-09 01:42:00,SENS-1005,21,63,7
2026-08-09 01:57:00,SENS-1005,8,85,2
2026-08-09 02:12:00,SENS-1005,19,84,6
2026-08-09 02:27:00,SENS-1005,24,61,8
2026-08-09 02:42:00,SENS-1005,20,85,6
2026-08-09 02:57:00,SENS-1005,54,62,18
2026-08-09 03:12:00,SENS-1005,39,64,13
2026-08-09 03:27:00,SENS-1005,11,60,3
2026-08-09 03:42:00,SENS-1005,37,81,12
2026-08-09 03:57:00,SENS-1005,12,69,4
2026-08-09 04:12:00,SENS-1005,38,68,12
2026-08-09 04:27:00,SENS-1005,15,64,5
2026-08-09 04:42:00,SENS-1005,21,55,7
2026-08-09 04:57:00,SENS-1005,35,68,11
2026-08-09 05:12:00,SENS-1005,29,100,9
2026-08-09 05:27:00,SENS-1005,18,92,6
2026-08-09 05:42:00,SENS-1005,13,107,4
2026-08-09 05:57:00,SENS-1005,28,56,9
2026-08-09 06:12:00,SENS-1005,102,62,34
2026-08-09 06:27:00,SENS-1005,103,45,34
2026-08-09 06:42:00,SENS-1005,78,42,26
2026-08-09 06:57:00,SENS-1005,79,50,26
2026-08-09 07:12:00,SENS-1005,193,16,84
2026-08-09 07:27:00,SENS-1005,293,38,97
2026-08-09 07:42:00,SENS-1005,181,41,60
2026-08-09 07:57:00,SENS-1005,207,11,89
2026-08-09 08:12:00,SENS-1005,290,17,100
2026-08-09 08:27:00,SENS-1005,215,26,71
2026-08-09 08:42:00,SENS-1005,288,20,96
2026-08-09 08:57:00,SENS-1005,320,10,100
2026-08-09 09:12:00,SENS-1005,296,27,98
2026-08-09 09:27:00,SENS-1005,233,37,77
2026-08-09 09:42:00,SENS-1005,184,32,61
2026-08-09 09:57:00,SENS-1005,144,24,48
2026-08-09 10:12:00,SENS-1005,58,55,19
2026-08-09 10:27:00,SENS-1005,95,45,31
2026-08-09 10:42:00,SENS-1005,117,71,39
2026-08-09 10:57:00,SENS-1005,119,77,39
2026-08-09 11:12:00,SENS-1005,76,55,25
2026-08-09 11:27:00,SENS-1005,97,50,32
2026-08-09 11:42:00,SENS-1005,121,69,40
2026-08-09 11:57:00,SENS-1005,100,37,33
2026-08-09 12:12:00,SENS-1005,89,71,29
2026-08-09 12:27:00,SENS-1005,132,41,44
2026-08-09 12:42:00,SENS-1005,92,54,30
2026-08-09 12:57:00,SENS-1005,70,54,23
2026-08-09 13:12:00,SENS-1005,94,60,31
2026-08-09 13:27:00,SENS-1005,87,41,28
2026-08-09 13:42:00,SENS-1005,43,42,14
2026-08-09 13:57:00,SENS-1005,59,63,19
2026-08-09 14:12:00,SENS-1005,81,50,27
2026-08-09 14:27:00,SENS-1005,136,55,45
2026-08-09 14:42:00,SENS-1005,101,66,33
2026-08-09 14:57:00,SENS-1005,86,56,28
2026-08-09 15:12:00,SENS-1005,145,71,48
2026-08-09 15:27:00,SENS-1005,103,28,34
2026-08-09 15:42:00,SENS-1005,57,63,19
2026-08-09 15:57:00,SENS-1005,73,72,24
2026-08-09 16:12:00,SENS-1005,317,30,100
2026-08-09 16:27:00,SENS-1005,177,22,59
2026-08-09 16:42:00,SENS-1005,277,23,92
2026-08-09 16:57:00,SENS-1005,294,18,100
2026-08-09 17:12:00,SENS-1005,118,37,39
2026-08-09 17:27:00,SENS-1005,140,34,46
2026-08-09 17:42:00,SENS-1005,218,27,72
2026-08-09 17:57:00,SENS-1005,226,39,75
2026-08-09 18:12:00,SENS-1005,212,32,70
2026-08-09 18:27:00,SENS-1005,194,15,84
2026-08-09 18:42:00,SENS-1005,283,21,94
2026-08-09 18:57:00,SENS-1005,190,39,63
2026-08-09 19:12:00,SENS-1005,163,30,54
2026-08-09 19:27:00,SENS-1005,239,25,79
2026-08-09 19:42:00,SENS-1005,350,13,100
2026-08-09 19:57:00,SENS-1005,222,39,74
2026-08-09 20:12:00,SENS-1005,51,68,17
2026-08-09 20:27:00,SENS-1005,102,50,34
2026-08-09 20:42:00,SENS-1005,93,56,31
2026-08-09 20:57:00,SENS-1005,128,50,42
2026-08-09 21:12:00,SENS-1005,109,63,36
2026-08-09 21:27:00,SENS-1005,86,60,28
2026-08-09 21:42:00,SENS-1005,66,42,22
2026-08-09 21:57:00,SENS-1005,77,50,25
2026-08-09 22:12:00,SENS-1005,163,56,54
2026-08-09 22:27:00,SENS-1005,81,62,27
2026-08-09 22:42:00,SENS-1005,139,50,46
2026-08-09 22:57:00,SENS-1005,101,58,33
2026-08-09 23:12:00,SENS-1005,18,61,6
2026-08-09 23:27:00,SENS-1005,26,74,8
2026-08-09 23:42:00,SENS-1005,31,80,10
2026-08-09 23:57:00,SENS-1005,38,98,12
2026-08-10 00:12:00,SENS-1005,16,67,5
2026-08-10 00:27:00,SENS-1005,24,99,8
2026-08-10 00:42:00,SENS-1005,24,49,8
2026-08-10 00:57:00,SENS-1005,25,81,8
2026-08-10 01:12:00,SENS-1005,13,82,4
2026-08-10 01:27:00,SENS-1005,50,83,16
2026-08-10 01:42:00,SENS-1005,41,103,13
2026-08-10 01:57:00,SENS-1005,32,68,10
2026-08-10 02:12:00,SENS-1005,12,69,4
2026-08-10 02:27:00,SENS-1005,9,72,3
2026-08-10 02:42:00,SENS-1005,52,58,17
2026-08-10 02:57:00,SENS-1005,26,84,8
2026-08-10 03:12:00,SENS-1005,47,86,15
2026-08-10 03:27:00,SENS-1005,45,77,15
2026-08-10 03:42:00,SENS-1005,12,81,4
2026-08-10 03:57:00,SENS-1005,55,88,18
2026-08-10 04:12:00,SENS-1005,40,81,13
2026-08-10 04:27:00,SENS-1005,38,86,12
2026-08-10 04:42:00,SENS-1005,23,75,7
2026-08-10 04:57:00,SENS-1005,35,83,11
2026-08-10 05:12:00,SENS-1005,36,78,12
2026-08-10 05:27:00,SENS-1005,17,56,5
2026-08-10 05:42:00,SENS-1005,13,65,4
2026-08-10 05:57:00,SENS-1005,39,64,13
2026-08-10 06:12:00,SENS-1005,61,70,20
2026-08-10 06:27:00,SENS-1005,163,53,54
2026-08-10 06:42:00,SENS-1005,67,32,22
2026-08-10 06:57:00,SENS-1005,131,65,43
2026-08-10 07:12:00,SENS-1005,203,35,67
2026-08-10 07:27:00,SENS-1005,220,29,73
2026-08-10 07:42:00,SENS-1005,236,38,78
2026-08-10 07:57:00,SENS-1005,165,22,55
2026-08-10 08:12:00,SENS-1005,287,27,95
2026-08-10 08:27:00,SENS-1005,301,31,100
2026-08-10 08:42:00,SENS-1005,192,34,64
2026-08-10 08:57:00,SENS-1005,222,23,74
2026-08-10 09:12:00,SENS-1005,122,27,40
2026-08-10 09:27:00,SENS-1005,294,26,98
2026-08-10 09:42:00,SENS-1005,265,23,88
2026-08-10 09:57:00,SENS-1005,182,25,60
2026-08-10 10:12:00,SENS-1005,106,52,35
2026-08-10 10:27:00,SENS-1005,73,38,24
2026-08-10 10:42:00,SENS-1005,111,61,37
2026-08-10 10:57:00,SENS-1005,69,49,23
2026-08-10 11:12:00,SENS-1005,146,68,48
2026-08-10 11:27:00,SENS-1005,111,76,37
2026-08-10 11:42:00,SENS-1005,89,52,29
2026-08-10 11:57:00,SENS-1005,66,54,22
2026-08-10 12:12:00,SENS-1005,92,62,30
2026-08-10 12:27:00,SENS-1005,93,40,31
2026-08-10 12:42:00,SENS-1005,95,58,31
2026-08-10 12:57:00,SENS-1005,116,67,38
2026-08-10 13:12:00,SENS-1005,53,58,17
2026-08-10 13:27:00,SENS-1005,51,45,17
2026-08-10 13:42:00,SENS-1005,106,46,35
2026-08-10 13:57:00,SENS-1005,51,43,17
2026-08-10 14:12:00,SENS-1005,105,43,35
2026-08-10 14:27:00,SENS-1005,55,64,18
2026-08-10 14:42:00,SENS-1005,72,49,24
2026-08-10 14:57:00,SENS-1005,75,40,25
2026-08-10 15:12:00,SENS-1005,147,46,49
2026-08-10 15:27:00,SENS-1005,86,38,28
2026-08-10 15:42:00,SENS-1005,32,51,10
2026-08-10 15:57:00,SENS-1005,86,42,28
2026-08-10 16:12:00,SENS-1005,213,30,71
2026-08-10 16:27:00,SENS-1005,154,38,51
2026-08-10 16:42:00,SENS-1005,254,36,84
2026-08-10 16:57:00,SENS-1005,239,14,99
2026-08-10 17:12:00,SENS-1005,139,35,46
2026-08-10 17:27:00,SENS-1005,163,16,74
2026-08-10 17:42:00,SENS-1005,172,10,77
2026-08-10 17:57:00,SENS-1005,234,35,78
2026-08-10 18:12:00,SENS-1005,204,26,68
2026-08-10 18:27:00,SENS-1005,287,18,100
2026-08-10 18:42:00,SENS-1005,152,22,50
2026-08-10 18:57:00,SENS-1005,141,16,67
2026-08-10 19:12:00,SENS-1005,161,19,73
2026-08-10 19:27:00,SENS-1005,290,27,96
2026-08-10 19:42:00,SENS-1005,205,39,68
2026-08-10 19:57:00,SENS-1005,192,18,84
2026-08-10 20:12:00,SENS-1005,155,48,51
2026-08-10 20:27:00,SENS-1005,115,43,38
2026-08-10 20:42:00,SENS-1005,130,43,43
2026-08-10 20:57:00,SENS-1005,85,39,28
2026-08-10 21:12:00,SENS-1005,153,64,51
2026-08-10 21:27:00,SENS-1005,116,74,38
2026-08-10 21:42:00,SENS-1005,74,45,24
2026-08-10 21:57:00,SENS-1005,103,74,34
2026-08-10 22:12:00,SENS-1005,52,39,17
2026-08-10 22:27:00,SENS-1005,110,79,36
2026-08-10 22:42:00,SENS-1005,65,47,21
2026-08-10 22:57:00,SENS-1005,36,46,12
2026-08-10 23:12:00,SENS-1005,31,93,10
2026-08-10 23:27:00,SENS-1005,11,57,3
2026-08-10 23:42:00,SENS-1005,36,105,12
2026-08-10 23:57:00,SENS-1005,43,62,14
2026-08-11 00:12:00,SENS-1005,13,62,4
2026-08-11 00:27:00,SENS-1005,33,73,11
2026-08-11 00:42:00,SENS-1005,46,75,15
2026-08-11 00:57:00,SENS-1005,42,62,14
2026-08-11 01:12:00,SENS-1005,34,55,11
2026-08-11 01:27:00,SENS-1005,25,53,8
2026-08-11 01:42:00,SENS-1005,53,87,17
2026-08-11 01:57:00,SENS-1005,44,47,14
2026-08-11 02:12:00,SENS-1005,8,83,2
2026-08-11 02:27:00,SENS-1005,26,89,8
2026-08-11 02:42:00,SENS-1005,26,67,8
2026-08-11 02:57:00,SENS-1005,12,81,4
2026-08-11 03:12:00,SENS-1005,15,70,5
2026-08-11 03:27:00,SENS-1005,28,56,9
2026-08-11 03:42:00,SENS-1005,50,86,16
2026-08-11 03:57:00,SENS-1005,12,97,4
2026-08-11 04:12:00,SENS-1005,18,69,6
2026-08-11 04:27:00,SENS-1005,40,76,13
2026-08-11 04:42:00,SENS-1005,22,79,7
2026-08-11 04:57:00,SENS-1005,14,81,4
2026-08-11 05:12:00,SENS-1005,18,76,6
2026-08-11 05:27:00,SENS-1005,20,90,6
2026-08-11 05:42:00,SENS-1005,18,97,6
2026-08-11 05:57:00,SENS-1005,23,79,7
2026-08-11 06:12:00,SENS-1005,46,78,15
2026-08-11 06:27:00,SENS-1005,76,71,25
2026-08-11 06:42:00,SENS-1005,63,60,21
2026-08-11 06:57:00,SENS-1005,154,71,51
2026-08-11 07:12:00,SENS-1005,272,21,90
2026-08-11 07:27:00,SENS-1005,168,31,56
2026-08-11 07:42:00,SENS-1005,203,16,87
2026-08-11 07:57:00,SENS-1005,341,27,100
2026-08-11 08:12:00,SENS-1005,173,28,57
2026-08-11 08:27:00,SENS-1005,151,22,50
2026-08-11 08:42:00,SENS-1005,326,28,100
2026-08-11 08:57:00,SENS-1005,211,17,90
2026-08-11 09:12:00,SENS-1005,175,21,58
2026-08-11 09:27:00,SENS-1005,221,25,73
2026-08-11 09:42:00,SENS-1005,242,36,80
2026-08-11 09:57:00,SENS-1005,251,30,83
2026-08-11 10:12:00,SENS-1005,100,59,33
2026-08-11 10:27:00,SENS-1005,54,38,18
2026-08-11 10:42:00,SENS-1005,49,45,16
2026-08-11 10:57:00,SENS-1005,37,75,12
2026-08-11 11:12:00,SENS-1005,135,41,45
2026-08-11 11:27:00,SENS-1005,121,65,40
2026-08-11 11:42:00,SENS-1005,124,57,41
2026-08-11 11:57:00,SENS-1005,96,56,32
2026-08-11 12:12:00,SENS-1005,150,69,50
2026-08-11 12:27:00,SENS-1005,152,61,50
2026-08-11 12:42:00,SENS-1005,98,67,32
2026-08-11 12:57:00,SENS-1005,149,52,49
2026-08-11 13:12:00,SENS-1005,139,65,46
2026-08-11 13:27:00,SENS-1005,145,70,48
2026-08-11 13:42:00,SENS-1005,67,52,22
2026-08-11 13:57:00,SENS-1005,92,61,30
2026-08-11 14:12:00,SENS-1005,101,58,33
2026-08-11 14:27:00,SENS-1005,59,69,19
2026-08-11 14:42:00,SENS-1005,73,56,24
2026-08-11 14:57:00,SENS-1005,57,41,19
2026-08-11 15:12:00,SENS-1005,165,41,55
2026-08-11 15:27:00,SENS-1005,30,48,10
2026-08-11 15:42:00,SENS-1005,64,61,21
2026-08-11 15:57:00,SENS-1005,46,65,15
2026-08-11 16:12:00,SENS-1005,326,39,100
2026-08-11 16:27:00,SENS-1005,236,17,98
2026-08-11 16:42:00,SENS-1005,350,20,100
2026-08-11 16:57:00,SENS-1005,261,25,87
2026-08-11 17:12:00,SENS-1005,244,35,81
2026-08-11 17:27:00,SENS-1005,197,29,65
2026-08-11 17:42:00,SENS-1005,131,45,43
2026-08-11 17:57:00,SENS-1005,263,19,100
2026-08-11 18:12:00,SENS-1005,260,14,100
2026-08-11 18:27:00,SENS-1005,346,25,100
2026-08-11 18:42:00,SENS-1005,296,9,100
2026-08-11 18:57:00,SENS-1005,210,31,70
2026-08-11 19:12:00,SENS-1005,134,31,44
2026-08-11 19:27:00,SENS-1005,167,15,75
2026-08-11 19:42:00,SENS-1005,236,31,78
2026-08-11 19:57:00,SENS-1005,307,25,100
2026-08-11 20:12:00,SENS-1005,146,48,48
2026-08-11 20:27:00,SENS-1005,62,65,20
2026-08-11 20:42:00,SENS-1005,105,48,35
2026-08-11 20:57:00,SENS-1005,86,34,28
2026-08-11 21:12:00,SENS-1005,169,38,56
2026-08-11 21:27:00,SENS-1005,97,50,32
2026-08-11 21:42:00,SENS-1005,63,56,21
2026-08-11 21:57:00,SENS-1005,98,57,32
2026-08-11 22:12:00,SENS-1005,169,64,56
2026-08-11 22:27:00,SENS-1005,40,66,13
2026-08-11 22:42:00,SENS-1005,119,46,39
2026-08-11 22:57:00,SENS-1005,166,66,55
2026-08-11 23:12:00,SENS-1005,23,66,7
2026-08-11 23:27:00,SENS-1005,10,79,3
2026-08-11 23:42:00,SENS-1005,25,83,8
2026-08-11 23:57:00,SENS-1005,36,73,12
2026-08-12 00:12:00,SENS-1005,37,84,12
2026-08-12 00:27:00,SENS-1005,19,81,6
2026-08-12 00:42:00,SENS-1005,35,96,11
2026-08-12 00:57:00,SENS-1005,19,82,6
2026-08-12 01:12:00,SENS-1005,35,90,11
2026-08-12 01:27:00,SENS-1005,61,83,20
2026-08-12 01:42:00,SENS-1005,15,90,5
2026-08-12 01:57:00,SENS-1005,23,77,7
2026-08-12 02:12:00,SENS-1005,18,66,6
2026-08-12 02:27:00,SENS-1005,49,58,16
2026-08-12 02:42:00,SENS-1005,28,80,9
2026-08-12 02:57:00,SENS-1005,15,75,5
2026-08-12 03:12:00,SENS-1005,60,66,20
2026-08-12 03:27:00,SENS-1005,18,87,6
2026-08-12 03:42:00,SENS-1005,11,89,3
2026-08-12 03:57:00,SENS-1005,28,66,9
2026-08-12 04:12:00,SENS-1005,32,99,10
2026-08-12 04:27:00,SENS-1005,14,83,4
2026-08-12 04:42:00,SENS-1005,18,65,6
2026-08-12 04:57:00,SENS-1005,16,66,5
2026-08-12 05:12:00,SENS-1005,26,67,8
2026-08-12 05:27:00,SENS-1005,21,67,7
2026-08-12 05:42:00,SENS-1005,35,65,11
2026-08-12 05:57:00,SENS-1005,14,67,4
2026-08-12 06:12:00,SENS-1005,117,44,39
2026-08-12 06:27:00,SENS-1005,59,71,19
2026-08-12 06:42:00,SENS-1005,99,66,33
2026-08-12 06:57:00,SENS-1005,52,44,17
2026-08-12 07:12:00,SENS-1005,132,9,64
2026-08-12 07:27:00,SENS-1005,208,12,89
2026-08-12 07:42:00,SENS-1005,360,32,100
2026-08-12 07:57:00,SENS-1005,363,30,100
2026-08-12 08:12:00,SENS-1005,182,37,60
2026-08-12 08:27:00,SENS-1005,172,41,57
2026-08-12 08:42:00,SENS-1005,90,11,30
2026-08-12 08:57:00,SENS-1005,237,27,79
2026-08-12 09:12:00,SENS-1005,160,15,73
2026-08-12 09:27:00,SENS-1005,178,17,79
2026-08-12 09:42:00,SENS-1005,150,19,70
2026-08-12 09:57:00,SENS-1005,97,40,32
2026-08-12 10:12:00,SENS-1005,90,56,30
2026-08-12 10:27:00,SENS-1005,136,37,45
2026-08-12 10:42:00,SENS-1005,77,68,25
2026-08-12 10:57:00,SENS-1005,177,56,59
2026-08-12 11:12:00,SENS-1005,158,38,52
2026-08-12 11:27:00,SENS-1005,135,43,45
2026-08-12 11:42:00,SENS-1005,111,53,37
2026-08-12 11:57:00,SENS-1005,101,55,33
2026-08-12 12:12:00,SENS-1005,140,55,46
2026-08-12 12:27:00,SENS-1005,149,54,49
2026-08-12 12:42:00,SENS-1005,89,65,29
2026-08-12 12:57:00,SENS-1005,73,68,24
2026-08-12 13:12:00,SENS-1005,69,58,23
2026-08-12 13:27:00,SENS-1005,126,67,42
2026-08-12 13:42:00,SENS-1005,92,68,30
2026-08-12 13:57:00,SENS-1005,79,67,26
2026-08-12 14:12:00,SENS-1005,127,76,42
2026-08-12 14:27:00,SENS-1005,110,58,36
2026-08-12 14:42:00,SENS-1005,53,41,17
2026-08-12 14:57:00,SENS-1005,67,57,22
2026-08-12 15:12:00,SENS-1005,148,47,49
2026-08-12 15:27:00,SENS-1005,89,60,29
2026-08-12 15:42:00,SENS-1005,123,63,41
2026-08-12 15:57:00,SENS-1005,69,44,23
2026-08-12 16:12:00,SENS-1005,172,39,57
2026-08-12 16:27:00,SENS-1005,202,14,87
2026-08-12 16:42:00,SENS-1005,176,15,78
2026-08-12 16:57:00,SENS-1005,181,12,80
2026-08-12 17:12:00,SENS-1005,207,46,69
2026-08-12 17:27:00,SENS-1005,187,17,82
2026-08-12 17:42:00,SENS-1005,325,15,100
2026-08-12 17:57:00,SENS-1005,311,35,100
2026-08-12 18:12:00,SENS-1005,328,13,100
2026-08-12 18:27:00,SENS-1005,213,21,71
2026-08-12 18:42:00,SENS-1005,138,35,46
2026-08-12 18:57:00,SENS-1005,165,31,55
2026-08-12 19:12:00,SENS-1005,219,19,93
2026-08-12 19:27:00,SENS-1005,186,25,62
2026-08-12 19:42:00,SENS-1005,200,12,86
2026-08-12 19:57:00,SENS-1005,172,39,57
2026-08-12 20:12:00,SENS-1005,114,54,38
2026-08-12 20:27:00,SENS-1005,195,70,65
2026-08-12 20:42:00,SENS-1005,149,54,49
2026-08-12 20:57:00,SENS-1005,55,53,18
2026-08-12 21:12:00,SENS-1005,78,53,26
2026-08-12 21:27:00,SENS-1005,93,46,31
2026-08-12 21:42:00,SENS-1005,94,41,31
2026-08-12 21:57:00,SENS-1005,173,55,57
2026-08-12 22:12:00,SENS-1005,117,38,39
2026-08-12 22:27:00,SENS-1005,56,42,18
2026-08-12 22:42:00,SENS-1005,71,59,23
2026-08-12 22:57:00,SENS-1005,142,41,47
2026-08-12 23:12:00,SENS-1005,26,66,8
2026-08-12 23:27:00,SENS-1005,37,65,12
2026-08-12 23:42:00,SENS-1005,34,91,11
2026-08-12 23:57:00,SENS-1005,33,82,11
2026-08-13 00:12:00,SENS-1005,16,84,5
2026-08-13 00:27:00,SENS-1005,13,89,4
2026-08-13 00:42:00,SENS-1005,15,80,5
2026-08-13 00:57:00,SENS-1005,11,73,3
2026-08-13 01:12:00,SENS-1005,40,83,13
2026-08-13 01:27:00,SENS-1005,23,79,7
2026-08-13 01:42:00,SENS-1005,15,65,5
2026-08-13 01:57:00,SENS-1005,34,76,11
2026-08-13 02:12:00,SENS-1005,35,67,11
2026-08-13 02:27:00,SENS-1005,42,66,14
2026-08-13 02:42:00,SENS-1005,19,89,6
2026-08-13 02:57:00,SENS-1005,43,84,14
2026-08-13 03:12:00,SENS-1005,43,76,14
2026-08-13 03:27:00,SENS-1005,40,84,13
2026-08-13 03:42:00,SENS-1005,27,66,9
2026-08-13 03:57:00,SENS-1005,11,58,3
2026-08-13 04:12:00,SENS-1005,49,83,16
2026-08-13 04:27:00,SENS-1005,47,67,15
2026-08-13 04:42:00,SENS-1005,53,83,17
2026-08-13 04:57:00,SENS-1005,29,72,9
2026-08-13 05:12:00,SENS-1005,12,71,4
2026-08-13 05:27:00,SENS-1005,15,69,5
2026-08-13 05:42:00,SENS-1005,17,55,5
2026-08-13 05:57:00,SENS-1005,32,90,10
2026-08-13 06:12:00,SENS-1005,93,72,31
2026-08-13 06:27:00,SENS-1005,158,47,52
2026-08-13 06:42:00,SENS-1005,100,67,33
2026-08-13 06:57:00,SENS-1005,98,36,32
2026-08-13 07:12:00,SENS-1005,341,45,100
2026-08-13 07:27:00,SENS-1005,181,33,60
2026-08-13 07:42:00,SENS-1005,259,12,100
2026-08-13 07:57:00,SENS-1005,226,36,75
2026-08-13 08:12:00,SENS-1005,160,13,73
2026-08-13 08:27:00,SENS-1005,206,37,68
2026-08-13 08:42:00,SENS-1005,288,17,100
2026-08-13 08:57:00,SENS-1005,247,18,100
2026-08-13 09:12:00,SENS-1005,218,30,72
2026-08-13 09:27:00,SENS-1005,170,30,56
2026-08-13 09:42:00,SENS-1005,196,28,65
2026-08-13 09:57:00,SENS-1005,119,27,39
2026-08-13 10:12:00,SENS-1005,138,39,46
2026-08-13 10:27:00,SENS-1005,142,49,47
2026-08-13 10:42:00,SENS-1005,104,44,34
2026-08-13 10:57:00,SENS-1005,73,36,24
2026-08-13 11:12:00,SENS-1005,72,51,24
2026-08-13 11:27:00,SENS-1005,81,52,27
2026-08-13 11:42:00,SENS-1005,47,45,15
2026-08-13 11:57:00,SENS-1005,72,44,24
2026-08-13 12:12:00,SENS-1005,100,68,33
2026-08-13 12:27:00,SENS-1005,147,52,49
2026-08-13 12:42:00,SENS-1005,105,55,35
2026-08-13 12:57:00,SENS-1005,59,62,19
2026-08-13 13:12:00,SENS-1005,62,47,20
2026-08-13 13:27:00,SENS-1005,45,63,15
2026-08-13 13:42:00,SENS-1005,116,59,38
2026-08-13 13:57:00,SENS-1005,88,60,29
2026-08-13 14:12:00,SENS-1005,31,65,10
2026-08-13 14:27:00,SENS-1005,105,46,35
2026-08-13 14:42:00,SENS-1005,133,46,44
2026-08-13 14:57:00,SENS-1005,121,58,40
2026-08-13 15:12:00,SENS-1005,145,45,48
2026-08-13 15:27:00,SENS-1005,53,47,17
2026-08-13 15:42:00,SENS-1005,65,46,21
2026-08-13 15:57:00,SENS-1005,138,60,46
2026-08-13 16:12:00,SENS-1005,282,29,94
2026-08-13 16:27:00,SENS-1005,216,38,72
2026-08-13 16:42:00,SENS-1005,247,20,82
2026-08-13 16:57:00,SENS-1005,236,36,78
2026-08-13 17:12:00,SENS-1005,169,13,76
2026-08-13 17:27:00,SENS-1005,207,13,89
2026-08-13 17:42:00,SENS-1005,229,19,96
2026-08-13 17:57:00,SENS-1005,244,9,100
2026-08-13 18:12:00,SENS-1005,277,27,92
2026-08-13 18:27:00,SENS-1005,231,23,77
2026-08-13 18:42:00,SENS-1005,253,32,84
2026-08-13 18:57:00,SENS-1005,240,31,80
2026-08-13 19:12:00,SENS-1005,205,18,88
2026-08-13 19:27:00,SENS-1005,251,34,83
2026-08-13 19:42:00,SENS-1005,149,37,49
2026-08-13 19:57:00,SENS-1005,228,34,76
2026-08-13 20:12:00,SENS-1005,72,48,24
2026-08-13 20:27:00,SENS-1005,92,47,30
2026-08-13 20:42:00,SENS-1005,122,58,40
2026-08-13 20:57:00,SENS-1005,55,60,18
2026-08-13 21:12:00,SENS-1005,93,44,31
2026-08-13 21:27:00,SENS-1005,104,75,34
2026-08-13 21:42:00,SENS-1005,96,46,32
2026-08-13 21:57:00,SENS-1005,112,57,37
2026-08-13 22:12:00,SENS-1005,64,56,21
2026-08-13 22:27:00,SENS-1005,71,61,23
2026-08-13 22:42:00,SENS-1005,59,68,19
2026-08-13 22:57:00,SENS-1005,176,47,58
2026-08-13 23:12:00,SENS-1005,12,68,4
2026-08-13 23:27:00,SENS-1005,40,70,13
2026-08-13 23:42:00,SENS-1005,27,86,9
2026-08-13 23:57:00,SENS-1005,16,74,5
2026-08-14 00:12:00,SENS-1005,35,65,11
2026-08-14 00:27:00,SENS-1005,29,64,9
2026-08-14 00:42:00,SENS-1005,28,55,9
2026-08-14 00:57:00,SENS-1005,55,100,18
2026-08-14 01:12:00,SENS-1005,23,68,7
2026-08-14 01:27:00,SENS-1005,48,74,16
2026-08-14 01:42:00,SENS-1005,10,60,3
2026-08-14 01:57:00,SENS-1005,15,79,5
2026-08-14 02:12:00,SENS-1005,15,92,5
2026-08-14 02:27:00,SENS-1005,42,77,14
2026-08-14 02:42:00,SENS-1005,21,70,7
2026-08-14 02:57:00,SENS-1005,23,79,7
2026-08-14 03:12:00,SENS-1005,58,92,19
2026-08-14 03:27:00,SENS-1005,22,89,7
2026-08-14 03:42:00,SENS-1005,43,83,14
2026-08-14 03:57:00,SENS-1005,60,68,20
2026-08-14 04:12:00,SENS-1005,68,81,22
2026-08-14 04:27:00,SENS-1005,20,74,6
2026-08-14 04:42:00,SENS-1005,13,69,4
2026-08-14 04:57:00,SENS-1005,47,58,15
2026-08-14 05:12:00,SENS-1005,35,98,11
2026-08-14 05:27:00,SENS-1005,18,65,6
2026-08-14 05:42:00,SENS-1005,22,95,7
2026-08-14 05:57:00,SENS-1005,27,63,9
2026-08-14 06:12:00,SENS-1005,52,43,17
2026-08-14 06:27:00,SENS-1005,96,38,32
2026-08-14 06:42:00,SENS-1005,109,45,36
2026-08-14 06:57:00,SENS-1005,91,46,30
2026-08-14 07:12:00,SENS-1005,249,19,100
2026-08-14 07:27:00,SENS-1005,183,27,61
2026-08-14 07:42:00,SENS-1005,146,32,48
2026-08-14 07:57:00,SENS-1005,237,37,79
2026-08-14 08:12:00,SENS-1005,170,14,76
2026-08-14 08:27:00,SENS-1005,219,26,73
2026-08-14 08:42:00,SENS-1005,202,40,67
2026-08-14 08:57:00,SENS-1005,146,24,48
2026-08-14 09:12:00,SENS-1005,233,8,97
2026-08-14 09:27:00,SENS-1005,201,30,67
2026-08-14 09:42:00,SENS-1005,194,20,64
2026-08-14 09:57:00,SENS-1005,290,28,96
2026-08-14 10:12:00,SENS-1005,72,37,24
2026-08-14 10:27:00,SENS-1005,48,62,16
2026-08-14 10:42:00,SENS-1005,115,43,38
2026-08-14 10:57:00,SENS-1005,134,71,44
2026-08-14 11:12:00,SENS-1005,147,60,49
2026-08-14 11:27:00,SENS-1005,39,74,13
2026-08-14 11:42:00,SENS-1005,82,76,27
2026-08-14 11:57:00,SENS-1005,47,52,15
2026-08-14 12:12:00,SENS-1005,140,61,46
2026-08-14 12:27:00,SENS-1005,141,59,47
2026-08-14 12:42:00,SENS-1005,88,62,29
2026-08-14 12:57:00,SENS-1005,134,54,44
2026-08-14 13:12:00,SENS-1005,90,56,30
2026-08-14 13:27:00,SENS-1005,155,45,51
2026-08-14 13:42:00,SENS-1005,65,52,21
2026-08-14 13:57:00,SENS-1005,66,36,22
2026-08-14 14:12:00,SENS-1005,40,47,13
2026-08-14 14:27:00,SENS-1005,117,36,39
2026-08-14 14:42:00,SENS-1005,52,60,17
2026-08-14 14:57:00,SENS-1005,159,51,53
2026-08-14 15:12:00,SENS-1005,115,42,38
2026-08-14 15:27:00,SENS-1005,124,50,41
2026-08-14 15:42:00,SENS-1005,48,38,16
2026-08-14 15:57:00,SENS-1005,159,62,53
2026-08-14 16:12:00,SENS-1005,302,26,100
2026-08-14 16:27:00,SENS-1005,301,30,100
2026-08-14 16:42:00,SENS-1005,226,23,75
2026-08-14 16:57:00,SENS-1005,141,21,47
2026-08-14 17:12:00,SENS-1005,272,12,100
2026-08-14 17:27:00,SENS-1005,241,30,80
2026-08-14 17:42:00,SENS-1005,155,12,71
2026-08-14 17:57:00,SENS-1005,242,22,80
2026-08-14 18:12:00,SENS-1005,409,11,100
2026-08-14 18:27:00,SENS-1005,243,35,81
2026-08-14 18:42:00,SENS-1005,305,39,100
2026-08-14 18:57:00,SENS-1005,157,25,52
2026-08-14 19:12:00,SENS-1005,175,28,58
2026-08-14 19:27:00,SENS-1005,314,19,100
2026-08-14 19:42:00,SENS-1005,313,23,100
2026-08-14 19:57:00,SENS-1005,207,9,89
2026-08-07 19:57:00,SENS-1006,320,30,100
2026-08-07 20:12:00,SENS-1006,100,57,33
2026-08-07 20:27:00,SENS-1006,49,41,16
2026-08-07 20:42:00,SENS-1006,102,55,34
2026-08-07 20:57:00,SENS-1006,86,39,28
2026-08-07 21:12:00,SENS-1006,125,55,41
2026-08-07 21:27:00,SENS-1006,99,66,33
2026-08-07 21:42:00,SENS-1006,103,42,34
2026-08-07 21:57:00,SENS-1006,108,56,36
2026-08-07 22:12:00,SENS-1006,161,59,53
2026-08-07 22:27:00,SENS-1006,48,57,16
2026-08-07 22:42:00,SENS-1006,103,52,34
2026-08-07 22:57:00,SENS-1006,64,47,21
2026-08-07 23:12:00,SENS-1006,31,75,10
2026-08-07 23:27:00,SENS-1006,42,90,14
2026-08-07 23:42:00,SENS-1006,42,95,14
2026-08-07 23:57:00,SENS-1006,18,83,6
2026-08-08 00:12:00,SENS-1006,48,89,16
2026-08-08 00:27:00,SENS-1006,30,79,10
2026-08-08 00:42:00,SENS-1006,44,60,14
2026-08-08 00:57:00,SENS-1006,42,58,14
2026-08-08 01:12:00,SENS-1006,31,57,10
2026-08-08 01:27:00,SENS-1006,36,73,12
2026-08-08 01:42:00,SENS-1006,51,73,17
2026-08-08 01:57:00,SENS-1006,20,65,6
2026-08-08 02:12:00,SENS-1006,26,79,8
2026-08-08 02:27:00,SENS-1006,29,72,9
2026-08-08 02:42:00,SENS-1006,12,68,4
2026-08-08 02:57:00,SENS-1006,20,71,6
2026-08-08 03:12:00,SENS-1006,49,70,16
2026-08-08 03:27:00,SENS-1006,54,98,18
2026-08-08 03:42:00,SENS-1006,28,74,9
2026-08-08 03:57:00,SENS-1006,31,58,10
2026-08-08 04:12:00,SENS-1006,47,71,15
2026-08-08 04:27:00,SENS-1006,40,80,13
2026-08-08 04:42:00,SENS-1006,13,54,4
2026-08-08 04:57:00,SENS-1006,50,90,16
2026-08-08 05:12:00,SENS-1006,18,82,6
2026-08-08 05:27:00,SENS-1006,22,57,7
2026-08-08 05:42:00,SENS-1006,29,77,9
2026-08-08 05:57:00,SENS-1006,36,67,12
2026-08-08 06:12:00,SENS-1006,170,44,56
2026-08-08 06:27:00,SENS-1006,146,42,48
2026-08-08 06:42:00,SENS-1006,102,70,34
2026-08-08 06:57:00,SENS-1006,70,39,23
2026-08-08 07:12:00,SENS-1006,185,32,61
2026-08-08 07:27:00,SENS-1006,348,14,100
2026-08-08 07:42:00,SENS-1006,197,24,65
2026-08-08 07:57:00,SENS-1006,272,27,90
2026-08-08 08:12:00,SENS-1006,272,8,100
2026-08-08 08:27:00,SENS-1006,154,22,51
2026-08-08 08:42:00,SENS-1006,173,27,57
2026-08-08 08:57:00,SENS-1006,189,11,83
2026-08-08 09:12:00,SENS-1006,298,18,100
2026-08-08 09:27:00,SENS-1006,137,14,65
2026-08-08 09:42:00,SENS-1006,246,14,100
2026-08-08 09:57:00,SENS-1006,167,13,75
2026-08-08 10:12:00,SENS-1006,76,68,25
2026-08-08 10:27:00,SENS-1006,140,71,46
2026-08-08 10:42:00,SENS-1006,83,58,27
2026-08-08 10:57:00,SENS-1006,111,47,37
2026-08-08 11:12:00,SENS-1006,71,59,23
2026-08-08 11:27:00,SENS-1006,90,51,30
2026-08-08 11:42:00,SENS-1006,81,53,27
2026-08-08 11:57:00,SENS-1006,82,60,27
2026-08-08 12:12:00,SENS-1006,54,64,18
2026-08-08 12:27:00,SENS-1006,108,61,36
2026-08-08 12:42:00,SENS-1006,46,57,15
2026-08-08 12:57:00,SENS-1006,77,58,25
2026-08-08 13:12:00,SENS-1006,115,59,38
2026-08-08 13:27:00,SENS-1006,72,40,24
2026-08-08 13:42:00,SENS-1006,95,63,31
2026-08-08 13:57:00,SENS-1006,162,67,54
2026-08-08 14:12:00,SENS-1006,152,44,50
2026-08-08 14:27:00,SENS-1006,100,46,33
2026-08-08 14:42:00,SENS-1006,54,89,18
2026-08-08 14:57:00,SENS-1006,131,37,43
2026-08-08 15:12:00,SENS-1006,72,59,24
2026-08-08 15:27:00,SENS-1006,51,48,17
2026-08-08 15:42:00,SENS-1006,92,66,30
2026-08-08 15:57:00,SENS-1006,155,44,51
2026-08-08 16:12:00,SENS-1006,221,11,93
2026-08-08 16:27:00,SENS-1006,185,35,61
2026-08-08 16:42:00,SENS-1006,221,33,73
2026-08-08 16:57:00,SENS-1006,163,35,54
2026-08-08 17:12:00,SENS-1006,242,27,80
2026-08-08 17:27:00,SENS-1006,305,17,100
2026-08-08 17:42:00,SENS-1006,273,33,91
2026-08-08 17:57:00,SENS-1006,221,23,73
2026-08-08 18:12:00,SENS-1006,386,39,100
2026-08-08 18:27:00,SENS-1006,196,19,85
2026-08-08 18:42:00,SENS-1006,197,27,65
2026-08-08 18:57:00,SENS-1006,178,36,59
2026-08-08 19:12:00,SENS-1006,216,29,72
2026-08-08 19:27:00,SENS-1006,330,12,100
2026-08-08 19:42:00,SENS-1006,156,26,52
2026-08-08 19:57:00,SENS-1006,304,44,100
2026-08-08 20:12:00,SENS-1006,127,60,42
2026-08-08 20:27:00,SENS-1006,103,55,34
2026-08-08 20:42:00,SENS-1006,97,62,32
2026-08-08 20:57:00,SENS-1006,38,41,12
2026-08-08 21:12:00,SENS-1006,92,48,30
2026-08-08 21:27:00,SENS-1006,118,60,39
2026-08-08 21:42:00,SENS-1006,49,38,16
2026-08-08 21:57:00,SENS-1006,134,52,44
2026-08-08 22:12:00,SENS-1006,122,41,40
2026-08-08 22:27:00,SENS-1006,119,65,39
2026-08-08 22:42:00,SENS-1006,108,44,36
2026-08-08 22:57:00,SENS-1006,114,41,38
2026-08-08 23:12:00,SENS-1006,62,57,20
2026-08-08 23:27:00,SENS-1006,37,64,12
2026-08-08 23:42:00,SENS-1006,18,84,6
2026-08-08 23:57:00,SENS-1006,41,103,13
2026-08-09 00:12:00,SENS-1006,26,77,8
2026-08-09 00:27:00,SENS-1006,28,92,9
2026-08-09 00:42:00,SENS-1006,22,67,7
2026-08-09 00:57:00,SENS-1006,19,68,6
2026-08-09 01:12:00,SENS-1006,49,81,16
2026-08-09 01:27:00,SENS-1006,30,66,10
2026-08-09 01:42:00,SENS-1006,13,81,4
2026-08-09 01:57:00,SENS-1006,32,83,10
2026-08-09 02:12:00,SENS-1006,21,72,7
2026-08-09 02:27:00,SENS-1006,14,63,4
2026-08-09 02:42:00,SENS-1006,47,66,15
2026-08-09 02:57:00,SENS-1006,29,80,9
2026-08-09 03:12:00,SENS-1006,15,100,5
2026-08-09 03:27:00,SENS-1006,46,83,15
2026-08-09 03:42:00,SENS-1006,23,86,7
2026-08-09 03:57:00,SENS-1006,15,55,5
2026-08-09 04:12:00,SENS-1006,34,95,11
2026-08-09 04:27:00,SENS-1006,23,55,7
2026-08-09 04:42:00,SENS-1006,13,68,4
2026-08-09 04:57:00,SENS-1006,27,46,9
2026-08-09 05:12:00,SENS-1006,51,63,17
2026-08-09 05:27:00,SENS-1006,27,54,9
2026-08-09 05:42:00,SENS-1006,33,71,11
2026-08-09 05:57:00,SENS-1006,34,72,11
2026-08-09 06:12:00,SENS-1006,51,43,17
2026-08-09 06:27:00,SENS-1006,125,60,41
2026-08-09 06:42:00,SENS-1006,145,45,48
2026-08-09 06:57:00,SENS-1006,76,68,25
2026-08-09 07:12:00,SENS-1006,159,16,73
2026-08-09 07:27:00,SENS-1006,180,31,60
2026-08-09 07:42:00,SENS-1006,335,21,100
2026-08-09 07:57:00,SENS-1006,261,37,87
2026-08-09 08:12:00,SENS-1006,274,21,91
2026-08-09 08:27:00,SENS-1006,149,41,49
2026-08-09 08:42:00,SENS-1006,182,42,60
2026-08-09 08:57:00,SENS-1006,189,28,63
2026-08-09 09:12:00,SENS-1006,116,41,38
2026-08-09 09:27:00,SENS-1006,219,11,93
2026-08-09 09:42:00,SENS-1006,153,34,51
2026-08-09 09:57:00,SENS-1006,306,14,100
2026-08-09 10:12:00,SENS-1006,74,45,24
2026-08-09 10:27:00,SENS-1006,57,49,19
2026-08-09 10:42:00,SENS-1006,55,67,18
2026-08-09 10:57:00,SENS-1006,110,54,36
2026-08-09 11:12:00,SENS-1006,61,50,20
2026-08-09 11:27:00,SENS-1006,71,50,23
2026-08-09 11:42:00,SENS-1006,125,58,41
2026-08-09 11:57:00,SENS-1006,161,50,53
2026-08-09 12:12:00,SENS-1006,106,64,35
2026-08-09 12:27:00,SENS-1006,97,71,32
2026-08-09 12:42:00,SENS-1006,127,50,42
2026-08-09 12:57:00,SENS-1006,98,46,32
2026-08-09 13:12:00,SENS-1006,55,55,18
2026-08-09 13:27:00,SENS-1006,73,53,24
2026-08-09 13:42:00,SENS-1006,62,73,20
2026-08-09 13:57:00,SENS-1006,110,59,36
2026-08-09 14:12:00,SENS-1006,117,58,39
2026-08-09 14:27:00,SENS-1006,100,43,33
2026-08-09 14:42:00,SENS-1006,98,46,32
2026-08-09 14:57:00,SENS-1006,135,72,45
2026-08-09 15:12:00,SENS-1006,118,53,39
2026-08-09 15:27:00,SENS-1006,135,45,45
2026-08-09 15:42:00,SENS-1006,100,58,33
2026-08-09 15:57:00,SENS-1006,149,78,49
2026-08-09 16:12:00,SENS-1006,169,34,56
2026-08-09 16:27:00,SENS-1006,308,11,100
2026-08-09 16:42:00,SENS-1006,232,18,97
2026-08-09 16:57:00,SENS-1006,180,23,60
2026-08-09 17:12:00,SENS-1006,243,19,100
2026-08-09 17:27:00,SENS-1006,181,35,60
2026-08-09 17:42:00,SENS-1006,141,36,47
2026-08-09 17:57:00,SENS-1006,287,23,95
2026-08-09 18:12:00,SENS-1006,175,34,58
2026-08-09 18:27:00,SENS-1006,145,17,68
2026-08-09 18:42:00,SENS-1006,250,19,100
2026-08-09 18:57:00,SENS-1006,116,19,58
2026-08-09 19:12:00,SENS-1006,197,36,65
2026-08-09 19:27:00,SENS-1006,134,23,44
2026-08-09 19:42:00,SENS-1006,272,23,90
2026-08-09 19:57:00,SENS-1006,139,24,46
2026-08-09 20:12:00,SENS-1006,102,55,34
2026-08-09 20:27:00,SENS-1006,118,60,39
2026-08-09 20:42:00,SENS-1006,60,63,20
2026-08-09 20:57:00,SENS-1006,32,56,10
2026-08-09 21:12:00,SENS-1006,35,45,11
2026-08-09 21:27:00,SENS-1006,83,62,27
2026-08-09 21:42:00,SENS-1006,114,42,38
2026-08-09 21:57:00,SENS-1006,109,63,36
2026-08-09 22:12:00,SENS-1006,80,54,26
2026-08-09 22:27:00,SENS-1006,66,70,22
2026-08-09 22:42:00,SENS-1006,53,60,17
2026-08-09 22:57:00,SENS-1006,59,48,19
2026-08-09 23:12:00,SENS-1006,16,60,5
2026-08-09 23:27:00,SENS-1006,26,119,8
2026-08-09 23:42:00,SENS-1006,30,82,10
2026-08-09 23:57:00,SENS-1006,15,79,5
2026-08-10 00:12:00,SENS-1006,18,61,6
2026-08-10 00:27:00,SENS-1006,19,59,6
2026-08-10 00:42:00,SENS-1006,61,92,20
2026-08-10 00:57:00,SENS-1006,44,76,14
2026-08-10 01:12:00,SENS-1006,29,70,9
2026-08-10 01:27:00,SENS-1006,31,65,10
2026-08-10 01:42:00,SENS-1006,15,87,5
2026-08-10 01:57:00,SENS-1006,25,72,8
2026-08-10 02:12:00,SENS-1006,18,60,6
2026-08-10 02:27:00,SENS-1006,39,92,13
2026-08-10 02:42:00,SENS-1006,23,69,7
2026-08-10 02:57:00,SENS-1006,28,85,9
2026-08-10 03:12:00,SENS-1006,20,78,6
2026-08-10 03:27:00,SENS-1006,20,68,6
2026-08-10 03:42:00,SENS-1006,30,70,10
2026-08-10 03:57:00,SENS-1006,41,68,13
2026-08-10 04:12:00,SENS-1006,18,92,6
2026-08-10 04:27:00,SENS-1006,29,93,9
2026-08-10 04:42:00,SENS-1006,40,76,13
2026-08-10 04:57:00,SENS-1006,11,65,3
2026-08-10 05:12:00,SENS-1006,53,79,17
2026-08-10 05:27:00,SENS-1006,12,65,4
2026-08-10 05:42:00,SENS-1006,33,79,11
2026-08-10 05:57:00,SENS-1006,21,63,7
2026-08-10 06:12:00,SENS-1006,137,52,45
2026-08-10 06:27:00,SENS-1006,137,55,45
2026-08-10 06:42:00,SENS-1006,86,59,28
2026-08-10 06:57:00,SENS-1006,91,55,30
2026-08-10 07:12:00,SENS-1006,125,40,41
2026-08-10 07:27:00,SENS-1006,207,19,89
2026-08-10 07:42:00,SENS-1006,286,20,95
2026-08-10 07:57:00,SENS-1006,151,23,50
2026-08-10 08:12:00,SENS-1006,161,31,53
2026-08-10 08:27:00,SENS-1006,227,22,75
2026-08-10 08:42:00,SENS-1006,174,21,57
2026-08-10 08:57:00,SENS-1006,206,29,68
2026-08-10 09:12:00,SENS-1006,330,20,100
2026-08-10 09:27:00,SENS-1006,246,14,100
2026-08-10 09:42:00,SENS-1006,268,12,100
2026-08-10 09:57:00,SENS-1006,217,18,92
2026-08-10 10:12:00,SENS-1006,54,66,18
2026-08-10 10:27:00,SENS-1006,123,54,41
2026-08-10 10:42:00,SENS-1006,49,41,16
2026-08-10 10:57:00,SENS-1006,76,53,25
2026-08-10 11:12:00,SENS-1006,75,47,25
2026-08-10 11:27:00,SENS-1006,68,52,22
2026-08-10 11:42:00,SENS-1006,137,38,45
2026-08-10 11:57:00,SENS-1006,149,57,49
2026-08-10 12:12:00,SENS-1006,56,47,18
2026-08-10 12:27:00,SENS-1006,140,49,46
2026-08-10 12:42:00,SENS-1006,87,52,28
2026-08-10 12:57:00,SENS-1006,122,73,40
2026-08-10 13:12:00,SENS-1006,85,56,28
2026-08-10 13:27:00,SENS-1006,71,45,23
2026-08-10 13:42:00,SENS-1006,142,51,47
2026-08-10 13:57:00,SENS-1006,73,56,24
2026-08-10 14:12:00,SENS-1006,41,49,13
2026-08-10 14:27:00,SENS-1006,69,68,23
2026-08-10 14:42:00,SENS-1006,77,62,25
2026-08-10 14:57:00,SENS-1006,57,40,19
2026-08-10 15:12:00,SENS-1006,150,50,50
2026-08-10 15:27:00,SENS-1006,109,66,36
2026-08-10 15:42:00,SENS-1006,54,55,18
2026-08-10 15:57:00,SENS-1006,53,45,17
2026-08-10 16:12:00,SENS-1006,132,26,44
2026-08-10 16:27:00,SENS-1006,139,37,46
2026-08-10 16:42:00,SENS-1006,104,14,54
2026-08-10 16:57:00,SENS-1006,212,14,90
2026-08-10 17:12:00,SENS-1006,214,36,71
2026-08-10 17:27:00,SENS-1006,209,22,69
2026-08-10 17:42:00,SENS-1006,232,28,77
2026-08-10 17:57:00,SENS-1006,188,30,62
2026-08-10 18:12:00,SENS-1006,211,22,70
2026-08-10 18:27:00,SENS-1006,255,33,85
2026-08-10 18:42:00,SENS-1006,169,12,76
2026-08-10 18:57:00,SENS-1006,319,25,100
2026-08-10 19:12:00,SENS-1006,233,24,77
2026-08-10 19:27:00,SENS-1006,143,30,47
2026-08-10 19:42:00,SENS-1006,196,18,85
2026-08-10 19:57:00,SENS-1006,336,35,100
2026-08-10 20:12:00,SENS-1006,74,39,24
2026-08-10 20:27:00,SENS-1006,69,74,23
2026-08-10 20:42:00,SENS-1006,95,38,31
2026-08-10 20:57:00,SENS-1006,98,42,32
2026-08-10 21:12:00,SENS-1006,87,48,28
2026-08-10 21:27:00,SENS-1006,98,51,32
2026-08-10 21:42:00,SENS-1006,114,42,38
2026-08-10 21:57:00,SENS-1006,104,39,34
2026-08-10 22:12:00,SENS-1006,56,59,18
2026-08-10 22:27:00,SENS-1006,71,61,23
2026-08-10 22:42:00,SENS-1006,58,54,19
2026-08-10 22:57:00,SENS-1006,61,58,20
2026-08-10 23:12:00,SENS-1006,14,77,4
2026-08-10 23:27:00,SENS-1006,37,84,12
2026-08-10 23:42:00,SENS-1006,18,58,6
2026-08-10 23:57:00,SENS-1006,47,77,15
2026-08-11 00:12:00,SENS-1006,10,66,3
2026-08-11 00:27:00,SENS-1006,14,71,4
2026-08-11 00:42:00,SENS-1006,16,78,5
2026-08-11 00:57:00,SENS-1006,36,76,12
2026-08-11 01:12:00,SENS-1006,46,49,15
2026-08-11 01:27:00,SENS-1006,24,80,8
2026-08-11 01:42:00,SENS-1006,22,61,7
2026-08-11 01:57:00,SENS-1006,18,73,6
2026-08-11 02:12:00,SENS-1006,19,61,6
2026-08-11 02:27:00,SENS-1006,40,96,13
2026-08-11 02:42:00,SENS-1006,17,57,5
2026-08-11 02:57:00,SENS-1006,14,88,4
2026-08-11 03:12:00,SENS-1006,23,89,7
2026-08-11 03:27:00,SENS-1006,28,63,9
2026-08-11 03:42:00,SENS-1006,19,68,6
2026-08-11 03:57:00,SENS-1006,16,63,5
2026-08-11 04:12:00,SENS-1006,20,78,6
2026-08-11 04:27:00,SENS-1006,31,72,10
2026-08-11 04:42:00,SENS-1006,49,80,16
2026-08-11 04:57:00,SENS-1006,22,70,7
2026-08-11 05:12:00,SENS-1006,29,93,9
2026-08-11 05:27:00,SENS-1006,30,56,10
2026-08-11 05:42:00,SENS-1006,18,71,6
2026-08-11 05:57:00,SENS-1006,46,85,15
2026-08-11 06:12:00,SENS-1006,55,53,18
2026-08-11 06:27:00,SENS-1006,151,68,50
2026-08-11 06:42:00,SENS-1006,166,55,55
2026-08-11 06:57:00,SENS-1006,73,69,24
2026-08-11 07:12:00,SENS-1006,212,36,70
2026-08-11 07:27:00,SENS-1006,184,24,61
2026-08-11 07:42:00,SENS-1006,290,11,100
2026-08-11 07:57:00,SENS-1006,241,17,100
2026-08-11 08:12:00,SENS-1006,243,40,81
2026-08-11 08:27:00,SENS-1006,165,13,75
2026-08-11 08:42:00,SENS-1006,225,35,75
2026-08-11 08:57:00,SENS-1006,160,38,53
2026-08-11 09:12:00,SENS-1006,388,29,100
2026-08-11 09:27:00,SENS-1006,149,28,49
2026-08-11 09:42:00,SENS-1006,261,30,87
2026-08-11 09:57:00,SENS-1006,165,10,75
2026-08-11 10:12:00,SENS-1006,121,42,40
2026-08-11 10:27:00,SENS-1006,109,37,36
2026-08-11 10:42:00,SENS-1006,37,61,12
2026-08-11 10:57:00,SENS-1006,67,64,22
2026-08-11 11:12:00,SENS-1006,100,62,33
2026-08-11 11:27:00,SENS-1006,56,62,18
2026-08-11 11:42:00,SENS-1006,124,56,41
2026-08-11 11:57:00,SENS-1006,74,62,24
2026-08-11 12:12:00,SENS-1006,102,63,34
2026-08-11 12:27:00,SENS-1006,150,51,50
2026-08-11 12:42:00,SENS-1006,54,64,18
2026-08-11 12:57:00,SENS-1006,154,68,51
2026-08-11 13:12:00,SENS-1006,117,58,39
2026-08-11 13:27:00,SENS-1006,50,56,16
2026-08-11 13:42:00,SENS-1006,116,49,38
2026-08-11 13:57:00,SENS-1006,107,84,35
2026-08-11 14:12:00,SENS-1006,35,63,11
2026-08-11 14:27:00,SENS-1006,65,76,21
2026-08-11 14:42:00,SENS-1006,137,62,45
2026-08-11 14:57:00,SENS-1006,107,41,35
2026-08-11 15:12:00,SENS-1006,123,73,41
2026-08-11 15:27:00,SENS-1006,158,46,52
2026-08-11 15:42:00,SENS-1006,143,57,47
2026-08-11 15:57:00,SENS-1006,113,43,37
2026-08-11 16:12:00,SENS-1006,182,41,60
2026-08-11 16:27:00,SENS-1006,135,26,45
2026-08-11 16:42:00,SENS-1006,230,15,96
2026-08-11 16:57:00,SENS-1006,103,24,34
2026-08-11 17:12:00,SENS-1006,212,19,90
2026-08-11 17:27:00,SENS-1006,173,26,57
2026-08-11 17:42:00,SENS-1006,133,15,64
2026-08-11 17:57:00,SENS-1006,264,27,88
2026-08-11 18:12:00,SENS-1006,260,13,100
2026-08-11 18:27:00,SENS-1006,158,17,72
2026-08-11 18:42:00,SENS-1006,199,29,66
2026-08-11 18:57:00,SENS-1006,175,35,58
2026-08-11 19:12:00,SENS-1006,190,33,63
2026-08-11 19:27:00,SENS-1006,241,18,100
2026-08-11 19:42:00,SENS-1006,341,39,100
2026-08-11 19:57:00,SENS-1006,174,14,77
2026-08-11 20:12:00,SENS-1006,69,76,23
2026-08-11 20:27:00,SENS-1006,108,61,36
2026-08-11 20:42:00,SENS-1006,85,48,28
2026-08-11 20:57:00,SENS-1006,121,70,40
2026-08-11 21:12:00,SENS-1006,73,46,24
2026-08-11 21:27:00,SENS-1006,116,50,38
2026-08-11 21:42:00,SENS-1006,132,69,44
2026-08-11 21:57:00,SENS-1006,176,53,58
2026-08-11 22:12:00,SENS-1006,100,53,33
2026-08-11 22:27:00,SENS-1006,111,66,37
2026-08-11 22:42:00,SENS-1006,108,66,36
2026-08-11 22:57:00,SENS-1006,72,65,24
2026-08-11 23:12:00,SENS-1006,19,79,6
2026-08-11 23:27:00,SENS-1006,17,71,5
2026-08-11 23:42:00,SENS-1006,23,55,7
2026-08-11 23:57:00,SENS-1006,39,82,13
2026-08-12 00:12:00,SENS-1006,41,93,13
2026-08-12 00:27:00,SENS-1006,20,72,6
2026-08-12 00:42:00,SENS-1006,45,79,15
2026-08-12 00:57:00,SENS-1006,28,74,9
2026-08-12 01:12:00,SENS-1006,32,70,10
2026-08-12 01:27:00,SENS-1006,11,84,3
2026-08-12 01:42:00,SENS-1006,25,59,8
2026-08-12 01:57:00,SENS-1006,18,62,6
2026-08-12 02:12:00,SENS-1006,47,88,15
2026-08-12 02:27:00,SENS-1006,32,86,10
2026-08-12 02:42:00,SENS-1006,30,81,10
2026-08-12 02:57:00,SENS-1006,23,73,7
2026-08-12 03:12:00,SENS-1006,15,92,5
2026-08-12 03:27:00,SENS-1006,39,89,13
2026-08-12 03:42:00,SENS-1006,31,98,10
2026-08-12 03:57:00,SENS-1006,17,83,5
2026-08-12 04:12:00,SENS-1006,45,91,15
2026-08-12 04:27:00,SENS-1006,30,57,10
2026-08-12 04:42:00,SENS-1006,25,77,8
2026-08-12 04:57:00,SENS-1006,42,61,14
2026-08-12 05:12:00,SENS-1006,14,80,4
2026-08-12 05:27:00,SENS-1006,36,64,12
2026-08-12 05:42:00,SENS-1006,42,79,14
2026-08-12 05:57:00,SENS-1006,12,56,4
2026-08-12 06:12:00,SENS-1006,59,46,19
2026-08-12 06:27:00,SENS-1006,60,44,20
2026-08-12 06:42:00,SENS-1006,104,44,34
2026-08-12 06:57:00,SENS-1006,135,60,45
2026-08-12 07:12:00,SENS-1006,320,16,100
2026-08-12 07:27:00,SENS-1006,184,25,61
2026-08-12 07:42:00,SENS-1006,258,34,86
2026-08-12 07:57:00,SENS-1006,150,22,50
2026-08-12 08:12:00,SENS-1006,200,34,66
2026-08-12 08:27:00,SENS-1006,263,21,87
2026-08-12 08:42:00,SENS-1006,305,23,100
2026-08-12 08:57:00,SENS-1006,155,18,71
2026-08-12 09:12:00,SENS-1006,178,40,59
2026-08-12 09:27:00,SENS-1006,295,20,98
2026-08-12 09:42:00,SENS-1006,190,13,83
2026-08-12 09:57:00,SENS-1006,217,28,72
2026-08-12 10:12:00,SENS-1006,61,43,20
2026-08-12 10:27:00,SENS-1006,48,67,16
2026-08-12 10:42:00,SENS-1006,55,46,18
2026-08-12 10:57:00,SENS-1006,51,74,17
2026-08-12 11:12:00,SENS-1006,66,65,22
2026-08-12 11:27:00,SENS-1006,140,44,46
2026-08-12 11:42:00,SENS-1006,153,66,51
2026-08-12 11:57:00,SENS-1006,126,52,42
2026-08-12 12:12:00,SENS-1006,69,42,23
2026-08-12 12:27:00,SENS-1006,128,50,42
2026-08-12 12:42:00,SENS-1006,110,44,36
2026-08-12 12:57:00,SENS-1006,49,68,16
2026-08-12 13:12:00,SENS-1006,73,43,24
2026-08-12 13:27:00,SENS-1006,60,68,20
2026-08-12 13:42:00,SENS-1006,82,50,27
2026-08-12 13:57:00,SENS-1006,158,50,52
2026-08-12 14:12:00,SENS-1006,134,81,44
2026-08-12 14:27:00,SENS-1006,133,52,44
2026-08-12 14:42:00,SENS-1006,161,59,53
2026-08-12 14:57:00,SENS-1006,95,47,31
2026-08-12 15:12:00,SENS-1006,55,53,18
2026-08-12 15:27:00,SENS-1006,98,64,32
2026-08-12 15:42:00,SENS-1006,88,52,29
2026-08-12 15:57:00,SENS-1006,55,49,18
2026-08-12 16:12:00,SENS-1006,136,21,45
2026-08-12 16:27:00,SENS-1006,177,19,79
2026-08-12 16:42:00,SENS-1006,272,22,90
2026-08-12 16:57:00,SENS-1006,240,14,100
2026-08-12 17:12:00,SENS-1006,282,35,94
2026-08-12 17:27:00,SENS-1006,156,41,52
2026-08-12 17:42:00,SENS-1006,310,11,100
2026-08-12 17:57:00,SENS-1006,252,11,100
2026-08-12 18:12:00,SENS-1006,172,34,57
2026-08-12 18:27:00,SENS-1006,176,28,58
2026-08-12 18:42:00,SENS-1006,135,16,65
2026-08-12 18:57:00,SENS-1006,236,23,78
2026-08-12 19:12:00,SENS-1006,221,24,73
2026-08-12 19:27:00,SENS-1006,174,38,57
2026-08-12 19:42:00,SENS-1006,238,18,99
2026-08-12 19:57:00,SENS-1006,173,33,57
2026-08-12 20:12:00,SENS-1006,95,44,31
2026-08-12 20:27:00,SENS-1006,93,42,31
2026-08-12 20:42:00,SENS-1006,149,48,49
2026-08-12 20:57:00,SENS-1006,115,44,38
2026-08-12 21:12:00,SENS-1006,60,73,20
2026-08-12 21:27:00,SENS-1006,134,60,44
2026-08-12 21:42:00,SENS-1006,130,66,43
2026-08-12 21:57:00,SENS-1006,86,53,28
2026-08-12 22:12:00,SENS-1006,52,54,17
2026-08-12 22:27:00,SENS-1006,125,50,41
2026-08-12 22:42:00,SENS-1006,111,53,37
2026-08-12 22:57:00,SENS-1006,153,49,51
2026-08-12 23:12:00,SENS-1006,20,58,6
2026-08-12 23:27:00,SENS-1006,47,78,15
2026-08-12 23:42:00,SENS-1006,22,80,7
2026-08-12 23:57:00,SENS-1006,27,80,9
2026-08-13 00:12:00,SENS-1006,49,74,16
2026-08-13 00:27:00,SENS-1006,13,82,4
2026-08-13 00:42:00,SENS-1006,22,72,7
2026-08-13 00:57:00,SENS-1006,22,80,7
2026-08-13 01:12:00,SENS-1006,31,62,10
2026-08-13 01:27:00,SENS-1006,9,62,3
2026-08-13 01:42:00,SENS-1006,64,80,21
2026-08-13 01:57:00,SENS-1006,28,94,9
2026-08-13 02:12:00,SENS-1006,14,57,4
2026-08-13 02:27:00,SENS-1006,40,61,13
2026-08-13 02:42:00,SENS-1006,25,90,8
2026-08-13 02:57:00,SENS-1006,33,80,11
2026-08-13 03:12:00,SENS-1006,57,79,19
2026-08-13 03:27:00,SENS-1006,54,65,18
2026-08-13 03:42:00,SENS-1006,48,71,16
2026-08-13 03:57:00,SENS-1006,21,58,7
2026-08-13 04:12:00,SENS-1006,12,67,4
2026-08-13 04:27:00,SENS-1006,21,46,7
2026-08-13 04:42:00,SENS-1006,21,72,7
2026-08-13 04:57:00,SENS-1006,9,80,3
2026-08-13 05:12:00,SENS-1006,20,62,6
2026-08-13 05:27:00,SENS-1006,15,86,5
2026-08-13 05:42:00,SENS-1006,48,73,16
2026-08-13 05:57:00,SENS-1006,44,78,14
2026-08-13 06:12:00,SENS-1006,174,46,57
2026-08-13 06:27:00,SENS-1006,105,75,35
2026-08-13 06:42:00,SENS-1006,80,70,26
2026-08-13 06:57:00,SENS-1006,91,64,30
2026-08-13 07:12:00,SENS-1006,176,23,58
2026-08-13 07:27:00,SENS-1006,115,39,38
2026-08-13 07:42:00,SENS-1006,146,30,48
2026-08-13 07:57:00,SENS-1006,86,20,28
2026-08-13 08:12:00,SENS-1006,220,17,93
2026-08-13 08:27:00,SENS-1006,326,39,100
2026-08-13 08:42:00,SENS-1006,182,37,60
2026-08-13 08:57:00,SENS-1006,177,35,59
2026-08-13 09:12:00,SENS-1006,324,13,100
2026-08-13 09:27:00,SENS-1006,291,35,97
2026-08-13 09:42:00,SENS-1006,184,22,61
2026-08-13 09:57:00,SENS-1006,321,12,100
2026-08-13 10:12:00,SENS-1006,152,50,50
2026-08-13 10:27:00,SENS-1006,153,65,51
2026-08-13 10:42:00,SENS-1006,164,52,54
2026-08-13 10:57:00,SENS-1006,44,65,14
2026-08-13 11:12:00,SENS-1006,76,43,25
2026-08-13 11:27:00,SENS-1006,49,45,16
2026-08-13 11:42:00,SENS-1006,81,39,27
2026-08-13 11:57:00,SENS-1006,138,82,46
2026-08-13 12:12:00,SENS-1006,140,58,46
2026-08-13 12:27:00,SENS-1006,62,58,20
2026-08-13 12:42:00,SENS-1006,129,45,43
2026-08-13 12:57:00,SENS-1006,129,50,43
2026-08-13 13:12:00,SENS-1006,131,59,43
2026-08-13 13:27:00,SENS-1006,68,76,22
2026-08-13 13:42:00,SENS-1006,155,63,51
2026-08-13 13:57:00,SENS-1006,128,53,42
2026-08-13 14:12:00,SENS-1006,105,39,35
2026-08-13 14:27:00,SENS-1006,106,46,35
2026-08-13 14:42:00,SENS-1006,90,57,30
2026-08-13 14:57:00,SENS-1006,83,49,27
2026-08-13 15:12:00,SENS-1006,55,49,18
2026-08-13 15:27:00,SENS-1006,48,41,16
2026-08-13 15:42:00,SENS-1006,73,65,24
2026-08-13 15:57:00,SENS-1006,94,38,31
2026-08-13 16:12:00,SENS-1006,221,39,73
2026-08-13 16:27:00,SENS-1006,172,26,57
2026-08-13 16:42:00,SENS-1006,269,23,89
2026-08-13 16:57:00,SENS-1006,156,21,52
2026-08-13 17:12:00,SENS-1006,237,31,79
2026-08-13 17:27:00,SENS-1006,282,37,94
2026-08-13 17:42:00,SENS-1006,199,11,86
2026-08-13 17:57:00,SENS-1006,160,12,73
2026-08-13 18:12:00,SENS-1006,198,11,86
2026-08-13 18:27:00,SENS-1006,254,23,84
2026-08-13 18:42:00,SENS-1006,213,30,71
2026-08-13 18:57:00,SENS-1006,176,18,78
2026-08-13 19:12:00,SENS-1006,160,26,53
2026-08-13 19:27:00,SENS-1006,273,14,100
2026-08-13 19:42:00,SENS-1006,352,35,100
2026-08-13 19:57:00,SENS-1006,193,19,84
2026-08-13 20:12:00,SENS-1006,144,49,48
2026-08-13 20:27:00,SENS-1006,52,39,17
2026-08-13 20:42:00,SENS-1006,141,65,47
2026-08-13 20:57:00,SENS-1006,83,53,27
2026-08-13 21:12:00,SENS-1006,149,46,49
2026-08-13 21:27:00,SENS-1006,118,65,39
2026-08-13 21:42:00,SENS-1006,154,62,51
2026-08-13 21:57:00,SENS-1006,61,50,20
2026-08-13 22:12:00,SENS-1006,105,84,35
2026-08-13 22:27:00,SENS-1006,70,62,23
2026-08-13 22:42:00,SENS-1006,172,54,57
2026-08-13 22:57:00,SENS-1006,53,53,17
2026-08-13 23:12:00,SENS-1006,26,54,8
2026-08-13 23:27:00,SENS-1006,24,70,8
2026-08-13 23:42:00,SENS-1006,33,60,11
2026-08-13 23:57:00,SENS-1006,63,78,21
2026-08-14 00:12:00,SENS-1006,38,67,12
2026-08-14 00:27:00,SENS-1006,23,100,7
2026-08-14 00:42:00,SENS-1006,21,73,7
2026-08-14 00:57:00,SENS-1006,37,63,12
2026-08-14 01:12:00,SENS-1006,31,77,10
2026-08-14 01:27:00,SENS-1006,35,66,11
2026-08-14 01:42:00,SENS-1006,23,80,7
2026-08-14 01:57:00,SENS-1006,20,73,6
2026-08-14 02:12:00,SENS-1006,33,59,11
2026-08-14 02:27:00,SENS-1006,23,80,7
2026-08-14 02:42:00,SENS-1006,18,78,6
2026-08-14 02:57:00,SENS-1006,17,75,5
2026-08-14 03:12:00,SENS-1006,39,85,13
2026-08-14 03:27:00,SENS-1006,45,80,15
2026-08-14 03:42:00,SENS-1006,12,82,4
2026-08-14 03:57:00,SENS-1006,43,67,14
2026-08-14 04:12:00,SENS-1006,24,81,8
2026-08-14 04:27:00,SENS-1006,39,65,13
2026-08-14 04:42:00,SENS-1006,23,88,7
2026-08-14 04:57:00,SENS-1006,23,59,7
2026-08-14 05:12:00,SENS-1006,26,63,8
2026-08-14 05:27:00,SENS-1006,26,84,8
2026-08-14 05:42:00,SENS-1006,30,93,10
2026-08-14 05:57:00,SENS-1006,20,79,6
2026-08-14 06:12:00,SENS-1006,102,52,34
2026-08-14 06:27:00,SENS-1006,132,61,44
2026-08-14 06:42:00,SENS-1006,115,49,38
2026-08-14 06:57:00,SENS-1006,175,78,58
2026-08-14 07:12:00,SENS-1006,164,22,54
2026-08-14 07:27:00,SENS-1006,161,17,73
2026-08-14 07:42:00,SENS-1006,153,23,51
2026-08-14 07:57:00,SENS-1006,190,26,63
2026-08-14 08:12:00,SENS-1006,263,30,87
2026-08-14 08:27:00,SENS-1006,201,22,67
2026-08-14 08:42:00,SENS-1006,228,32,76
2026-08-14 08:57:00,SENS-1006,204,26,68
2026-08-14 09:12:00,SENS-1006,263,43,87
2026-08-14 09:27:00,SENS-1006,182,32,60
2026-08-14 09:42:00,SENS-1006,261,25,87
2026-08-14 09:57:00,SENS-1006,185,11,81
2026-08-14 10:12:00,SENS-1006,68,61,22
2026-08-14 10:27:00,SENS-1006,106,60,35
2026-08-14 10:42:00,SENS-1006,120,48,40
2026-08-14 10:57:00,SENS-1006,86,61,28
2026-08-14 11:12:00,SENS-1006,64,53,21
2026-08-14 11:27:00,SENS-1006,61,45,20
2026-08-14 11:42:00,SENS-1006,127,52,42
2026-08-14 11:57:00,SENS-1006,159,66,53
2026-08-14 12:12:00,SENS-1006,107,42,35
2026-08-14 12:27:00,SENS-1006,134,60,44
2026-08-14 12:42:00,SENS-1006,121,43,40
2026-08-14 12:57:00,SENS-1006,102,55,34
2026-08-14 13:12:00,SENS-1006,160,45,53
2026-08-14 13:27:00,SENS-1006,143,67,47
2026-08-14 13:42:00,SENS-1006,150,55,50
2026-08-14 13:57:00,SENS-1006,118,38,39
2026-08-14 14:12:00,SENS-1006,105,45,35
2026-08-14 14:27:00,SENS-1006,123,40,41
2026-08-14 14:42:00,SENS-1006,196,52,65
2026-08-14 14:57:00,SENS-1006,51,58,17
2026-08-14 15:12:00,SENS-1006,105,39,35
2026-08-14 15:27:00,SENS-1006,139,53,46
2026-08-14 15:42:00,SENS-1006,81,51,27
2026-08-14 15:57:00,SENS-1006,93,51,31
2026-08-14 16:12:00,SENS-1006,272,17,100
2026-08-14 16:27:00,SENS-1006,307,19,100
2026-08-14 16:42:00,SENS-1006,168,16,76
2026-08-14 16:57:00,SENS-1006,213,18,91
2026-08-14 17:12:00,SENS-1006,144,33,48
2026-08-14 17:27:00,SENS-1006,207,29,69
2026-08-14 17:42:00,SENS-1006,203,18,87
2026-08-14 17:57:00,SENS-1006,168,23,56
2026-08-14 18:12:00,SENS-1006,144,33,48
2026-08-14 18:27:00,SENS-1006,199,16,86
2026-08-14 18:42:00,SENS-1006,154,40,51
2026-08-14 18:57:00,SENS-1006,327,13,100
2026-08-14 19:12:00,SENS-1006,238,28,79
2026-08-14 19:27:00,SENS-1006,251,39,83
2026-08-14 19:42:00,SENS-1006,261,20,87
2026-08-14 19:57:00,SENS-1006,277,17,100
2026-08-07 19:57:00,SENS-1007,148,9,69
2026-08-07 20:12:00,SENS-1007,44,45,14
2026-08-07 20:27:00,SENS-1007,80,47,26
2026-08-07 20:42:00,SENS-1007,42,79,14
2026-08-07 20:57:00,SENS-1007,65,45,21
2026-08-07 21:12:00,SENS-1007,85,61,28
2026-08-07 21:27:00,SENS-1007,155,71,51
2026-08-07 21:42:00,SENS-1007,176,71,58
2026-08-07 21:57:00,SENS-1007,64,42,21
2026-08-07 22:12:00,SENS-1007,70,57,23
2026-08-07 22:27:00,SENS-1007,95,41,31
2026-08-07 22:42:00,SENS-1007,98,42,32
2026-08-07 22:57:00,SENS-1007,151,39,50
2026-08-07 23:12:00,SENS-1007,35,79,11
2026-08-07 23:27:00,SENS-1007,32,88,10
2026-08-07 23:42:00,SENS-1007,10,66,3
2026-08-07 23:57:00,SENS-1007,33,87,11
2026-08-08 00:12:00,SENS-1007,35,78,11
2026-08-08 00:27:00,SENS-1007,26,82,8
2026-08-08 00:42:00,SENS-1007,17,84,5
2026-08-08 00:57:00,SENS-1007,31,56,10
2026-08-08 01:12:00,SENS-1007,12,70,4
2026-08-08 01:27:00,SENS-1007,14,86,4
2026-08-08 01:42:00,SENS-1007,18,84,6
2026-08-08 01:57:00,SENS-1007,18,89,6
2026-08-08 02:12:00,SENS-1007,25,72,8
2026-08-08 02:27:00,SENS-1007,33,61,11
2026-08-08 02:42:00,SENS-1007,22,63,7
2026-08-08 02:57:00,SENS-1007,7,57,2
2026-08-08 03:12:00,SENS-1007,66,69,22
2026-08-08 03:27:00,SENS-1007,30,75,10
2026-08-08 03:42:00,SENS-1007,36,58,12
2026-08-08 03:57:00,SENS-1007,65,82,21
2026-08-08 04:12:00,SENS-1007,43,54,14
2026-08-08 04:27:00,SENS-1007,19,90,6
2026-08-08 04:42:00,SENS-1007,38,92,12
2026-08-08 04:57:00,SENS-1007,22,55,7
2026-08-08 05:12:00,SENS-1007,29,78,9
2026-08-08 05:27:00,SENS-1007,41,82,13
2026-08-08 05:42:00,SENS-1007,14,72,4
2026-08-08 05:57:00,SENS-1007,35,60,11
2026-08-08 06:12:00,SENS-1007,147,62,49
2026-08-08 06:27:00,SENS-1007,55,56,18
2026-08-08 06:42:00,SENS-1007,131,77,43
2026-08-08 06:57:00,SENS-1007,70,55,23
2026-08-08 07:12:00,SENS-1007,156,17,72
2026-08-08 07:27:00,SENS-1007,205,37,68
2026-08-08 07:42:00,SENS-1007,231,12,97
2026-08-08 07:57:00,SENS-1007,268,31,89
2026-08-08 08:12:00,SENS-1007,290,30,96
2026-08-08 08:27:00,SENS-1007,228,39,76
2026-08-08 08:42:00,SENS-1007,162,13,74
2026-08-08 08:57:00,SENS-1007,224,22,74
2026-08-08 09:12:00,SENS-1007,237,16,99
2026-08-08 09:27:00,SENS-1007,254,16,100
2026-08-08 09:42:00,SENS-1007,266,27,88
2026-08-08 09:57:00,SENS-1007,181,33,60
2026-08-08 10:12:00,SENS-1007,77,58,25
2026-08-08 10:27:00,SENS-1007,61,46,20
2026-08-08 10:42:00,SENS-1007,142,59,47
2026-08-08 10:57:00,SENS-1007,153,59,51
2026-08-08 11:12:00,SENS-1007,78,42,26
2026-08-08 11:27:00,SENS-1007,44,62,14
2026-08-08 11:42:00,SENS-1007,109,45,36
2026-08-08 11:57:00,SENS-1007,83,69,27
2026-08-08 12:12:00,SENS-1007,114,56,38
2026-08-08 12:27:00,SENS-1007,133,60,44
2026-08-08 12:42:00,SENS-1007,83,68,27
2026-08-08 12:57:00,SENS-1007,54,55,18
2026-08-08 13:12:00,SENS-1007,107,44,35
2026-08-08 13:27:00,SENS-1007,51,55,17
2026-08-08 13:42:00,SENS-1007,151,53,50
2026-08-08 13:57:00,SENS-1007,92,55,30
2026-08-08 14:12:00,SENS-1007,141,72,47
2026-08-08 14:27:00,SENS-1007,131,60,43
2026-08-08 14:42:00,SENS-1007,188,57,62
2026-08-08 14:57:00,SENS-1007,122,47,40
2026-08-08 15:12:00,SENS-1007,79,64,26
2026-08-08 15:27:00,SENS-1007,57,37,19
2026-08-08 15:42:00,SENS-1007,87,47,28
2026-08-08 15:57:00,SENS-1007,109,64,36
2026-08-08 16:12:00,SENS-1007,124,27,41
2026-08-08 16:27:00,SENS-1007,216,10,92
2026-08-08 16:42:00,SENS-1007,125,16,61
2026-08-08 16:57:00,SENS-1007,131,21,43
2026-08-08 17:12:00,SENS-1007,285,42,95
2026-08-08 17:27:00,SENS-1007,312,11,100
2026-08-08 17:42:00,SENS-1007,207,22,69
2026-08-08 17:57:00,SENS-1007,219,25,73
2026-08-08 18:12:00,SENS-1007,300,10,100
2026-08-08 18:27:00,SENS-1007,251,35,83
2026-08-08 18:42:00,SENS-1007,201,17,87
2026-08-08 18:57:00,SENS-1007,236,42,78
2026-08-08 19:12:00,SENS-1007,171,32,56
2026-08-08 19:27:00,SENS-1007,188,22,62
2026-08-08 19:42:00,SENS-1007,211,14,90
2026-08-08 19:57:00,SENS-1007,125,30,41
2026-08-08 20:12:00,SENS-1007,132,52,44
2026-08-08 20:27:00,SENS-1007,151,61,50
2026-08-08 20:42:00,SENS-1007,40,53,13
2026-08-08 20:57:00,SENS-1007,153,55,51
2026-08-08 21:12:00,SENS-1007,190,36,63
2026-08-08 21:27:00,SENS-1007,111,40,37
2026-08-08 21:42:00,SENS-1007,40,66,13
2026-08-08 21:57:00,SENS-1007,64,42,21
2026-08-08 22:12:00,SENS-1007,148,50,49
2026-08-08 22:27:00,SENS-1007,114,66,38
2026-08-08 22:42:00,SENS-1007,66,42,22
2026-08-08 22:57:00,SENS-1007,97,66,32
2026-08-08 23:12:00,SENS-1007,23,86,7
2026-08-08 23:27:00,SENS-1007,45,75,15
2026-08-08 23:42:00,SENS-1007,19,91,6
2026-08-08 23:57:00,SENS-1007,13,62,4
2026-08-09 00:12:00,SENS-1007,22,70,7
2026-08-09 00:27:00,SENS-1007,25,60,8
2026-08-09 00:42:00,SENS-1007,46,71,15
2026-08-09 00:57:00,SENS-1007,30,76,10
2026-08-09 01:12:00,SENS-1007,32,59,10
2026-08-09 01:27:00,SENS-1007,53,102,17
2026-08-09 01:42:00,SENS-1007,46,92,15
2026-08-09 01:57:00,SENS-1007,56,88,18
2026-08-09 02:12:00,SENS-1007,27,67,9
2026-08-09 02:27:00,SENS-1007,14,58,4
2026-08-09 02:42:00,SENS-1007,42,75,14
2026-08-09 02:57:00,SENS-1007,12,82,4
2026-08-09 03:12:00,SENS-1007,24,61,8
2026-08-09 03:27:00,SENS-1007,57,86,19
2026-08-09 03:42:00,SENS-1007,43,64,14
2026-08-09 03:57:00,SENS-1007,21,65,7
2026-08-09 04:12:00,SENS-1007,46,71,15
2026-08-09 04:27:00,SENS-1007,50,88,16
2026-08-09 04:42:00,SENS-1007,23,81,7
2026-08-09 04:57:00,SENS-1007,28,83,9
2026-08-09 05:12:00,SENS-1007,33,78,11
2026-08-09 05:27:00,SENS-1007,32,85,10
2026-08-09 05:42:00,SENS-1007,11,74,3
2026-08-09 05:57:00,SENS-1007,51,99,17
2026-08-09 06:12:00,SENS-1007,92,56,30
2026-08-09 06:27:00,SENS-1007,92,69,30
2026-08-09 06:42:00,SENS-1007,87,57,28
2026-08-09 06:57:00,SENS-1007,131,35,43
2026-08-09 07:12:00,SENS-1007,138,39,46
2026-08-09 07:27:00,SENS-1007,279,14,100
2026-08-09 07:42:00,SENS-1007,148,23,49
2026-08-09 07:57:00,SENS-1007,228,20,76
2026-08-09 08:12:00,SENS-1007,154,24,51
2026-08-09 08:27:00,SENS-1007,165,16,75
2026-08-09 08:42:00,SENS-1007,227,10,95
2026-08-09 08:57:00,SENS-1007,309,23,100
2026-08-09 09:12:00,SENS-1007,187,17,82
2026-08-09 09:27:00,SENS-1007,364,22,100
2026-08-09 09:42:00,SENS-1007,226,25,75
2026-08-09 09:57:00,SENS-1007,223,22,74
2026-08-09 10:12:00,SENS-1007,130,44,43
2026-08-09 10:27:00,SENS-1007,118,51,39
2026-08-09 10:42:00,SENS-1007,110,46,36
2026-08-09 10:57:00,SENS-1007,59,70,19
2026-08-09 11:12:00,SENS-1007,181,48,60
2026-08-09 11:27:00,SENS-1007,140,67,46
2026-08-09 11:42:00,SENS-1007,77,64,25
2026-08-09 11:57:00,SENS-1007,112,60,37
2026-08-09 12:12:00,SENS-1007,63,41,21
2026-08-09 12:27:00,SENS-1007,71,41,23
2026-08-09 12:42:00,SENS-1007,80,72,26
2026-08-09 12:57:00,SENS-1007,40,48,13
2026-08-09 13:12:00,SENS-1007,129,52,43
2026-08-09 13:27:00,SENS-1007,74,73,24
2026-08-09 13:42:00,SENS-1007,157,67,52
2026-08-09 13:57:00,SENS-1007,133,47,44
2026-08-09 14:12:00,SENS-1007,50,41,16
2026-08-09 14:27:00,SENS-1007,79,48,26
2026-08-09 14:42:00,SENS-1007,53,62,17
2026-08-09 14:57:00,SENS-1007,68,56,22
2026-08-09 15:12:00,SENS-1007,150,43,50
2026-08-09 15:27:00,SENS-1007,137,33,45
2026-08-09 15:42:00,SENS-1007,86,42,28
2026-08-09 15:57:00,SENS-1007,58,62,19
2026-08-09 16:12:00,SENS-1007,126,30,42
2026-08-09 16:27:00,SENS-1007,151,15,70
2026-08-09 16:42:00,SENS-1007,238,21,79
2026-08-09 16:57:00,SENS-1007,209,25,69
2026-08-09 17:12:00,SENS-1007,206,27,68
2026-08-09 17:27:00,SENS-1007,260,28,86
2026-08-09 17:42:00,SENS-1007,177,31,59
2026-08-09 17:57:00,SENS-1007,265,9,100
2026-08-09 18:12:00,SENS-1007,199,16,86
2026-08-09 18:27:00,SENS-1007,265,31,88
2026-08-09 18:42:00,SENS-1007,189,8,83
2026-08-09 18:57:00,SENS-1007,144,19,68
2026-08-09 19:12:00,SENS-1007,240,21,80
2026-08-09 19:27:00,SENS-1007,259,18,100
2026-08-09 19:42:00,SENS-1007,165,35,55
2026-08-09 19:57:00,SENS-1007,162,23,54
2026-08-09 20:12:00,SENS-1007,83,63,27
2026-08-09 20:27:00,SENS-1007,99,55,33
2026-08-09 20:42:00,SENS-1007,109,52,36
2026-08-09 20:57:00,SENS-1007,85,58,28
2026-08-09 21:12:00,SENS-1007,97,60,32
2026-08-09 21:27:00,SENS-1007,61,46,20
2026-08-09 21:42:00,SENS-1007,59,61,19
2026-08-09 21:57:00,SENS-1007,59,52,19
2026-08-09 22:12:00,SENS-1007,106,78,35
2026-08-09 22:27:00,SENS-1007,97,59,32
2026-08-09 22:42:00,SENS-1007,56,52,18
2026-08-09 22:57:00,SENS-1007,126,62,42
2026-08-09 23:12:00,SENS-1007,29,97,9
2026-08-09 23:27:00,SENS-1007,53,53,17
2026-08-09 23:42:00,SENS-1007,28,69,9
2026-08-09 23:57:00,SENS-1007,47,66,15
2026-08-10 00:12:00,SENS-1007,15,72,5
2026-08-10 00:27:00,SENS-1007,51,64,17
2026-08-10 00:42:00,SENS-1007,28,56,9
2026-08-10 00:57:00,SENS-1007,48,53,16
2026-08-10 01:12:00,SENS-1007,31,78,10
2026-08-10 01:27:00,SENS-1007,26,66,8
2026-08-10 01:42:00,SENS-1007,34,76,11
2026-08-10 01:57:00,SENS-1007,23,71,7
2026-08-10 02:12:00,SENS-1007,30,78,10
2026-08-10 02:27:00,SENS-1007,66,57,22
2026-08-10 02:42:00,SENS-1007,57,100,19
2026-08-10 02:57:00,SENS-1007,21,53,7
2026-08-10 03:12:00,SENS-1007,24,71,8
2026-08-10 03:27:00,SENS-1007,45,79,15
2026-08-10 03:42:00,SENS-1007,13,62,4
2026-08-10 03:57:00,SENS-1007,18,87,6
2026-08-10 04:12:00,SENS-1007,30,76,10
2026-08-10 04:27:00,SENS-1007,21,71,7
2026-08-10 04:42:00,SENS-1007,19,78,6
2026-08-10 04:57:00,SENS-1007,47,60,15
2026-08-10 05:12:00,SENS-1007,36,59,12
2026-08-10 05:27:00,SENS-1007,48,80,16
2026-08-10 05:42:00,SENS-1007,24,99,8
2026-08-10 05:57:00,SENS-1007,23,87,7
2026-08-10 06:12:00,SENS-1007,119,66,39
2026-08-10 06:27:00,SENS-1007,79,44,26
2026-08-10 06:42:00,SENS-1007,107,66,35
2026-08-10 06:57:00,SENS-1007,97,39,32
2026-08-10 07:12:00,SENS-1007,199,28,66
2026-08-10 07:27:00,SENS-1007,202,23,67
2026-08-10 07:42:00,SENS-1007,294,36,98
2026-08-10 07:57:00,SENS-1007,155,21,51
2026-08-10 08:12:00,SENS-1007,281,36,93
2026-08-10 08:27:00,SENS-1007,265,25,88
2026-08-10 08:42:00,SENS-1007,230,22,76
2026-08-10 08:57:00,SENS-1007,253,10,100
2026-08-10 09:12:00,SENS-1007,164,38,54
2026-08-10 09:27:00,SENS-1007,140,30,46
2026-08-10 09:42:00,SENS-1007,170,12,76
2026-08-10 09:57:00,SENS-1007,306,16,100
2026-08-10 10:12:00,SENS-1007,193,57,64
2026-08-10 10:27:00,SENS-1007,117,49,39
2026-08-10 10:42:00,SENS-1007,126,65,42
2026-08-10 10:57:00,SENS-1007,98,55,32
2026-08-10 11:12:00,SENS-1007,98,41,32
2026-08-10 11:27:00,SENS-1007,107,38,35
2026-08-10 11:42:00,SENS-1007,100,70,33
2026-08-10 11:57:00,SENS-1007,55,49,18
2026-08-10 12:12:00,SENS-1007,132,60,44
2026-08-10 12:27:00,SENS-1007,132,43,44
2026-08-10 12:42:00,SENS-1007,65,50,21
2026-08-10 12:57:00,SENS-1007,63,59,21
2026-08-10 13:12:00,SENS-1007,123,53,41
2026-08-10 13:27:00,SENS-1007,85,64,28
2026-08-10 13:42:00,SENS-1007,81,49,27
2026-08-10 13:57:00,SENS-1007,111,41,37
2026-08-10 14:12:00,SENS-1007,70,36,23
2026-08-10 14:27:00,SENS-1007,83,52,27
2026-08-10 14:42:00,SENS-1007,77,76,25
2026-08-10 14:57:00,SENS-1007,113,53,37
2026-08-10 15:12:00,SENS-1007,76,75,25
2026-08-10 15:27:00,SENS-1007,86,70,28
2026-08-10 15:42:00,SENS-1007,89,44,29
2026-08-10 15:57:00,SENS-1007,152,52,50
2026-08-10 16:12:00,SENS-1007,238,15,99
2026-08-10 16:27:00,SENS-1007,201,39,67
2026-08-10 16:42:00,SENS-1007,208,43,69
2026-08-10 16:57:00,SENS-1007,296,16,100
2026-08-10 17:12:00,SENS-1007,163,41,54
2026-08-10 17:27:00,SENS-1007,243,34,81
2026-08-10 17:42:00,SENS-1007,149,30,49
2026-08-10 17:57:00,SENS-1007,225,29,75
2026-08-10 18:12:00,SENS-1007,299,45,99
2026-08-10 18:27:00,SENS-1007,303,34,100
2026-08-10 18:42:00,SENS-1007,180,19,80
2026-08-10 18:57:00,SENS-1007,302,9,100
2026-08-10 19:12:00,SENS-1007,103,32,34
2026-08-10 19:27:00,SENS-1007,227,32,75
2026-08-10 19:42:00,SENS-1007,257,17,100
2026-08-10 19:57:00,SENS-1007,108,19,56
2026-08-10 20:12:00,SENS-1007,114,48,38
2026-08-10 20:27:00,SENS-1007,93,60,31
2026-08-10 20:42:00,SENS-1007,48,51,16
2026-08-10 20:57:00,SENS-1007,95,42,31
2026-08-10 21:12:00,SENS-1007,100,42,33
2026-08-10 21:27:00,SENS-1007,79,52,26
2026-08-10 21:42:00,SENS-1007,130,63,43
2026-08-10 21:57:00,SENS-1007,113,40,37
2026-08-10 22:12:00,SENS-1007,86,54,28
2026-08-10 22:27:00,SENS-1007,98,59,32
2026-08-10 22:42:00,SENS-1007,55,74,18
2026-08-10 22:57:00,SENS-1007,90,41,30
2026-08-10 23:12:00,SENS-1007,18,76,6
2026-08-10 23:27:00,SENS-1007,10,78,3
2026-08-10 23:42:00,SENS-1007,31,57,10
2026-08-10 23:57:00,SENS-1007,25,92,8
2026-08-11 00:12:00,SENS-1007,31,98,10
2026-08-11 00:27:00,SENS-1007,29,105,9
2026-08-11 00:42:00,SENS-1007,38,89,12
2026-08-11 00:57:00,SENS-1007,21,76,7
2026-08-11 01:12:00,SENS-1007,26,74,8
2026-08-11 01:27:00,SENS-1007,37,64,12
2026-08-11 01:42:00,SENS-1007,16,64,5
2026-08-11 01:57:00,SENS-1007,49,81,16
2026-08-11 02:12:00,SENS-1007,38,73,12
2026-08-11 02:27:00,SENS-1007,25,88,8
2026-08-11 02:42:00,SENS-1007,51,56,17
2026-08-11 02:57:00,SENS-1007,26,82,8
2026-08-11 03:12:00,SENS-1007,28,78,9
2026-08-11 03:27:00,SENS-1007,10,70,3
2026-08-11 03:42:00,SENS-1007,11,71,3
2026-08-11 03:57:00,SENS-1007,23,82,7
2026-08-11 04:12:00,SENS-1007,21,70,7
2026-08-11 04:27:00,SENS-1007,27,60,9
2026-08-11 04:42:00,SENS-1007,12,103,4
2026-08-11 04:57:00,SENS-1007,29,65,9
2026-08-11 05:12:00,SENS-1007,38,75,12
2026-08-11 05:27:00,SENS-1007,8,71,2
2026-08-11 05:42:00,SENS-1007,29,99,9
2026-08-11 05:57:00,SENS-1007,15,70,5
2026-08-11 06:12:00,SENS-1007,93,56,31
2026-08-11 06:27:00,SENS-1007,96,51,32
2026-08-11 06:42:00,SENS-1007,108,41,36
2026-08-11 06:57:00,SENS-1007,112,50,37
2026-08-11 07:12:00,SENS-1007,357,30,100
2026-08-11 07:27:00,SENS-1007,229,36,76
2026-08-11 07:42:00,SENS-1007,258,24,86
2026-08-11 07:57:00,SENS-1007,177,11,79
2026-08-11 08:12:00,SENS-1007,177,18,79
2026-08-11 08:27:00,SENS-1007,174,38,57
2026-08-11 08:42:00,SENS-1007,264,21,88
2026-08-11 08:57:00,SENS-1007,247,22,82
2026-08-11 09:12:00,SENS-1007,252,26,84
2026-08-11 09:27:00,SENS-1007,134,33,44
2026-08-11 09:42:00,SENS-1007,246,30,82
2026-08-11 09:57:00,SENS-1007,282,8,100
2026-08-11 10:12:00,SENS-1007,102,46,34
2026-08-11 10:27:00,SENS-1007,94,57,31
2026-08-11 10:42:00,SENS-1007,90,50,30
2026-08-11 10:57:00,SENS-1007,53,64,17
2026-08-11 11:12:00,SENS-1007,123,73,41
2026-08-11 11:27:00,SENS-1007,131,52,43
2026-08-11 11:42:00,SENS-1007,104,41,34
2026-08-11 11:57:00,SENS-1007,69,45,23
2026-08-11 12:12:00,SENS-1007,113,71,37
2026-08-11 12:27:00,SENS-1007,52,51,17
2026-08-11 12:42:00,SENS-1007,103,40,34
2026-08-11 12:57:00,SENS-1007,68,59,22
2026-08-11 13:12:00,SENS-1007,95,56,31
2026-08-11 13:27:00,SENS-1007,62,68,20
2026-08-11 13:42:00,SENS-1007,78,42,26
2026-08-11 13:57:00,SENS-1007,192,66,64
2026-08-11 14:12:00,SENS-1007,54,40,18
2026-08-11 14:27:00,SENS-1007,103,36,34
2026-08-11 14:42:00,SENS-1007,132,44,44
2026-08-11 14:57:00,SENS-1007,69,71,23
2026-08-11 15:12:00,SENS-1007,100,56,33
2026-08-11 15:27:00,SENS-1007,54,64,18
2026-08-11 15:42:00,SENS-1007,129,42,43
2026-08-11 15:57:00,SENS-1007,60,58,20
2026-08-11 16:12:00,SENS-1007,193,33,64
2026-08-11 16:27:00,SENS-1007,238,16,99
2026-08-11 16:42:00,SENS-1007,166,13,75
2026-08-11 16:57:00,SENS-1007,123,35,41
2026-08-11 17:12:00,SENS-1007,260,44,86
2026-08-11 17:27:00,SENS-1007,237,27,79
2026-08-11 17:42:00,SENS-1007,379,13,100
2026-08-11 17:57:00,SENS-1007,308,30,100
2026-08-11 18:12:00,SENS-1007,151,31,50
2026-08-11 18:27:00,SENS-1007,121,35,40
2026-08-11 18:42:00,SENS-1007,255,17,100
2026-08-11 18:57:00,SENS-1007,204,41,68
2026-08-11 19:12:00,SENS-1007,204,15,88
2026-08-11 19:27:00,SENS-1007,300,28,100
2026-08-11 19:42:00,SENS-1007,342,39,100
2026-08-11 19:57:00,SENS-1007,287,20,95
2026-08-11 20:12:00,SENS-1007,104,67,34
2026-08-11 20:27:00,SENS-1007,168,45,56
2026-08-11 20:42:00,SENS-1007,92,35,30
2026-08-11 20:57:00,SENS-1007,104,58,34
2026-08-11 21:12:00,SENS-1007,61,42,20
2026-08-11 21:27:00,SENS-1007,161,56,53
2026-08-11 21:42:00,SENS-1007,128,62,42
2026-08-11 21:57:00,SENS-1007,90,57,30
2026-08-11 22:12:00,SENS-1007,42,71,14
2026-08-11 22:27:00,SENS-1007,68,49,22
2026-08-11 22:42:00,SENS-1007,184,60,61
2026-08-11 22:57:00,SENS-1007,111,40,37
2026-08-11 23:12:00,SENS-1007,11,68,3
2026-08-11 23:27:00,SENS-1007,20,96,6
2026-08-11 23:42:00,SENS-1007,42,62,14
2026-08-11 23:57:00,SENS-1007,27,78,9
2026-08-12 00:12:00,SENS-1007,38,77,12
2026-08-12 00:27:00,SENS-1007,10,63,3
2026-08-12 00:42:00,SENS-1007,31,86,10
2026-08-12 00:57:00,SENS-1007,43,63,14
2026-08-12 01:12:00,SENS-1007,53,90,17
2026-08-12 01:27:00,SENS-1007,29,62,9
2026-08-12 01:42:00,SENS-1007,15,86,5
2026-08-12 01:57:00,SENS-1007,55,80,18
2026-08-12 02:12:00,SENS-1007,22,64,7
2026-08-12 02:27:00,SENS-1007,22,69,7
2026-08-12 02:42:00,SENS-1007,26,64,8
2026-08-12 02:57:00,SENS-1007,51,81,17
2026-08-12 03:12:00,SENS-1007,20,76,6
2026-08-12 03:27:00,SENS-1007,23,82,7
2026-08-12 03:42:00,SENS-1007,36,76,12
2026-08-12 03:57:00,SENS-1007,26,57,8
2026-08-12 04:12:00,SENS-1007,41,95,13
2026-08-12 04:27:00,SENS-1007,21,85,7
2026-08-12 04:42:00,SENS-1007,13,95,4
2026-08-12 04:57:00,SENS-1007,51,104,17
2026-08-12 05:12:00,SENS-1007,19,67,6
2026-08-12 05:27:00,SENS-1007,50,80,16
2026-08-12 05:42:00,SENS-1007,47,91,15
2026-08-12 05:57:00,SENS-1007,13,73,4
2026-08-12 06:12:00,SENS-1007,39,40,13
2026-08-12 06:27:00,SENS-1007,89,59,29
2026-08-12 06:42:00,SENS-1007,106,49,35
2026-08-12 06:57:00,SENS-1007,95,63,31
2026-08-12 07:12:00,SENS-1007,303,19,100
2026-08-12 07:27:00,SENS-1007,184,23,61
2026-08-12 07:42:00,SENS-1007,255,22,85
2026-08-12 07:57:00,SENS-1007,270,32,90
2026-08-12 08:12:00,SENS-1007,129,23,43
2026-08-12 08:27:00,SENS-1007,279,25,93
2026-08-12 08:42:00,SENS-1007,249,28,83
2026-08-12 08:57:00,SENS-1007,324,34,100
2026-08-12 09:12:00,SENS-1007,203,42,67
2026-08-12 09:27:00,SENS-1007,129,31,43
2026-08-12 09:42:00,SENS-1007,207,39,69
2026-08-12 09:57:00,SENS-1007,145,36,48
2026-08-12 10:12:00,SENS-1007,135,60,45
2026-08-12 10:27:00,SENS-1007,169,58,56
2026-08-12 10:42:00,SENS-1007,104,61,34
2026-08-12 10:57:00,SENS-1007,107,70,35
2026-08-12 11:12:00,SENS-1007,88,53,29
2026-08-12 11:27:00,SENS-1007,141,40,47
2026-08-12 11:42:00,SENS-1007,73,48,24
2026-08-12 11:57:00,SENS-1007,66,40,22
2026-08-12 12:12:00,SENS-1007,102,53,34
2026-08-12 12:27:00,SENS-1007,71,80,23
2026-08-12 12:42:00,SENS-1007,72,63,24
2026-08-12 12:57:00,SENS-1007,89,43,29
2026-08-12 13:12:00,SENS-1007,82,59,27
2026-08-12 13:27:00,SENS-1007,122,59,40
2026-08-12 13:42:00,SENS-1007,111,48,37
2026-08-12 13:57:00,SENS-1007,74,49,24
2026-08-12 14:12:00,SENS-1007,48,40,16
2026-08-12 14:27:00,SENS-1007,114,55,38
2026-08-12 14:42:00,SENS-1007,61,58,20
2026-08-12 14:57:00,SENS-1007,59,58,19
2026-08-12 15:12:00,SENS-1007,82,66,27
2026-08-12 15:27:00,SENS-1007,66,46,22
2026-08-12 15:42:00,SENS-1007,135,42,45
2026-08-12 15:57:00,SENS-1007,81,72,27
2026-08-12 16:12:00,SENS-1007,112,22,37
2026-08-12 16:27:00,SENS-1007,224,35,74
2026-08-12 16:42:00,SENS-1007,211,28,70
2026-08-12 16:57:00,SENS-1007,169,11,76
2026-08-12 17:12:00,SENS-1007,185,40,61
2026-08-12 17:27:00,SENS-1007,191,34,63
2026-08-12 17:42:00,SENS-1007,228,12,96
2026-08-12 17:57:00,SENS-1007,205,30,68
2026-08-12 18:12:00,SENS-1007,216,23,72
2026-08-12 18:27:00,SENS-1007,241,12,100
2026-08-12 18:42:00,SENS-1007,378,21,100
2026-08-12 18:57:00,SENS-1007,154,16,71
2026-08-12 19:12:00,SENS-1007,226,21,75
2026-08-12 19:27:00,SENS-1007,278,28,92
2026-08-12 19:42:00,SENS-1007,180,28,60
2026-08-12 19:57:00,SENS-1007,382,22,100
2026-08-12 20:12:00,SENS-1007,111,58,37
2026-08-12 20:27:00,SENS-1007,81,45,27
2026-08-12 20:42:00,SENS-1007,39,67,13
2026-08-12 20:57:00,SENS-1007,124,63,41
2026-08-12 21:12:00,SENS-1007,125,48,41
2026-08-12 21:27:00,SENS-1007,127,62,42
2026-08-12 21:42:00,SENS-1007,109,45,36
2026-08-12 21:57:00,SENS-1007,59,52,19
2026-08-12 22:12:00,SENS-1007,59,51,19
2026-08-12 22:27:00,SENS-1007,143,44,47
2026-08-12 22:42:00,SENS-1007,85,35,28
2026-08-12 22:57:00,SENS-1007,108,63,36
2026-08-12 23:12:00,SENS-1007,21,77,7
2026-08-12 23:27:00,SENS-1007,33,69,11
2026-08-12 23:42:00,SENS-1007,19,71,6
2026-08-12 23:57:00,SENS-1007,37,103,12
2026-08-13 00:12:00,SENS-1007,41,78,13
2026-08-13 00:27:00,SENS-1007,23,88,7
2026-08-13 00:42:00,SENS-1007,51,89,17
2026-08-13 00:57:00,SENS-1007,28,81,9
2026-08-13 01:12:00,SENS-1007,26,65,8
2026-08-13 01:27:00,SENS-1007,31,80,10
2026-08-13 01:42:00,SENS-1007,40,54,13
2026-08-13 01:57:00,SENS-1007,7,70,2
2026-08-13 02:12:00,SENS-1007,38,93,12
2026-08-13 02:27:00,SENS-1007,37,104,12
2026-08-13 02:42:00,SENS-1007,46,61,15
2026-08-13 02:57:00,SENS-1007,39,68,13
2026-08-13 03:12:00,SENS-1007,39,56,13
2026-08-13 03:27:00,SENS-1007,13,67,4
2026-08-13 03:42:00,SENS-1007,22,56,7
2026-08-13 03:57:00,SENS-1007,13,76,4
2026-08-13 04:12:00,SENS-1007,56,69,18
2026-08-13 04:27:00,SENS-1007,13,67,4
2026-08-13 04:42:00,SENS-1007,28,82,9
2026-08-13 04:57:00,SENS-1007,11,85,3
2026-08-13 05:12:00,SENS-1007,24,72,8
2026-08-13 05:27:00,SENS-1007,38,85,12
2026-08-13 05:42:00,SENS-1007,42,74,14
2026-08-13 05:57:00,SENS-1007,42,92,14
2026-08-13 06:12:00,SENS-1007,94,62,31
2026-08-13 06:27:00,SENS-1007,90,56,30
2026-08-13 06:42:00,SENS-1007,153,45,51
2026-08-13 06:57:00,SENS-1007,136,57,45
2026-08-13 07:12:00,SENS-1007,225,33,75
2026-08-13 07:27:00,SENS-1007,252,19,100
2026-08-13 07:42:00,SENS-1007,218,37,72
2026-08-13 07:57:00,SENS-1007,199,21,66
2026-08-13 08:12:00,SENS-1007,258,36,86
2026-08-13 08:27:00,SENS-1007,218,30,72
2026-08-13 08:42:00,SENS-1007,319,40,100
2026-08-13 08:57:00,SENS-1007,212,21,70
2026-08-13 09:12:00,SENS-1007,232,23,77
2026-08-13 09:27:00,SENS-1007,238,27,79
2026-08-13 09:42:00,SENS-1007,328,24,100
2026-08-13 09:57:00,SENS-1007,109,17,56
2026-08-13 10:12:00,SENS-1007,86,43,28
2026-08-13 10:27:00,SENS-1007,75,44,25
2026-08-13 10:42:00,SENS-1007,111,61,37
2026-08-13 10:57:00,SENS-1007,139,90,46
2026-08-13 11:12:00,SENS-1007,141,44,47
2026-08-13 11:27:00,SENS-1007,127,66,42
2026-08-13 11:42:00,SENS-1007,83,48,27
2026-08-13 11:57:00,SENS-1007,88,43,29
2026-08-13 12:12:00,SENS-1007,54,40,18
2026-08-13 12:27:00,SENS-1007,96,60,32
2026-08-13 12:42:00,SENS-1007,101,48,33
2026-08-13 12:57:00,SENS-1007,67,84,22
2026-08-13 13:12:00,SENS-1007,94,64,31
2026-08-13 13:27:00,SENS-1007,122,60,40
2026-08-13 13:42:00,SENS-1007,101,71,33
2026-08-13 13:57:00,SENS-1007,55,57,18
2026-08-13 14:12:00,SENS-1007,99,47,33
2026-08-13 14:27:00,SENS-1007,81,58,27
2026-08-13 14:42:00,SENS-1007,118,41,39
2026-08-13 14:57:00,SENS-1007,84,36,28
2026-08-13 15:12:00,SENS-1007,76,63,25
2026-08-13 15:27:00,SENS-1007,101,70,33
2026-08-13 15:42:00,SENS-1007,129,60,43
2026-08-13 15:57:00,SENS-1007,171,48,56
2026-08-13 16:12:00,SENS-1007,211,41,70
2026-08-13 16:27:00,SENS-1007,149,31,49
2026-08-13 16:42:00,SENS-1007,295,18,100
2026-08-13 16:57:00,SENS-1007,135,31,45
2026-08-13 17:12:00,SENS-1007,380,35,100
2026-08-13 17:27:00,SENS-1007,221,22,73
2026-08-13 17:42:00,SENS-1007,209,12,89
2026-08-13 17:57:00,SENS-1007,301,22,100
2026-08-13 18:12:00,SENS-1007,234,25,78
2026-08-13 18:27:00,SENS-1007,174,22,57
2026-08-13 18:42:00,SENS-1007,269,35,89
2026-08-13 18:57:00,SENS-1007,166,16,75
2026-08-13 19:12:00,SENS-1007,232,15,97
2026-08-13 19:27:00,SENS-1007,211,11,90
2026-08-13 19:42:00,SENS-1007,204,11,88
2026-08-13 19:57:00,SENS-1007,182,38,60
2026-08-13 20:12:00,SENS-1007,81,62,27
2026-08-13 20:27:00,SENS-1007,48,50,16
2026-08-13 20:42:00,SENS-1007,68,40,22
2026-08-13 20:57:00,SENS-1007,173,58,57
2026-08-13 21:12:00,SENS-1007,47,46,15
2026-08-13 21:27:00,SENS-1007,167,51,55
2026-08-13 21:42:00,SENS-1007,87,58,28
2026-08-13 21:57:00,SENS-1007,116,53,38
2026-08-13 22:12:00,SENS-1007,122,38,40
2026-08-13 22:27:00,SENS-1007,113,46,37
2026-08-13 22:42:00,SENS-1007,139,38,46
2026-08-13 22:57:00,SENS-1007,171,39,56
2026-08-13 23:12:00,SENS-1007,30,95,10
2026-08-13 23:27:00,SENS-1007,46,69,15
2026-08-13 23:42:00,SENS-1007,48,67,16
2026-08-13 23:57:00,SENS-1007,39,82,13
2026-08-14 00:12:00,SENS-1007,32,84,10
2026-08-14 00:27:00,SENS-1007,28,65,9
2026-08-14 00:42:00,SENS-1007,14,68,4
2026-08-14 00:57:00,SENS-1007,24,65,8
2026-08-14 01:12:00,SENS-1007,35,61,11
2026-08-14 01:27:00,SENS-1007,70,85,23
2026-08-14 01:42:00,SENS-1007,18,57,6
2026-08-14 01:57:00,SENS-1007,41,66,13
2026-08-14 02:12:00,SENS-1007,15,75,5
2026-08-14 02:27:00,SENS-1007,17,69,5
2026-08-14 02:42:00,SENS-1007,39,54,13
2026-08-14 02:57:00,SENS-1007,13,72,4
2026-08-14 03:12:00,SENS-1007,26,82,8
2026-08-14 03:27:00,SENS-1007,33,93,11
2026-08-14 03:42:00,SENS-1007,31,59,10
2026-08-14 03:57:00,SENS-1007,55,72,18
2026-08-14 04:12:00,SENS-1007,15,69,5
2026-08-14 04:27:00,SENS-1007,30,75,10
2026-08-14 04:42:00,SENS-1007,21,85,7
2026-08-14 04:57:00,SENS-1007,15,55,5
2026-08-14 05:12:00,SENS-1007,33,112,11
2026-08-14 05:27:00,SENS-1007,47,63,15
2026-08-14 05:42:00,SENS-1007,27,72,9
2026-08-14 05:57:00,SENS-1007,58,71,19
2026-08-14 06:12:00,SENS-1007,109,58,36
2026-08-14 06:27:00,SENS-1007,90,46,30
2026-08-14 06:42:00,SENS-1007,98,51,32
2026-08-14 06:57:00,SENS-1007,97,41,32
2026-08-14 07:12:00,SENS-1007,207,14,89
2026-08-14 07:27:00,SENS-1007,274,13,100
2026-08-14 07:42:00,SENS-1007,245,12,100
2026-08-14 07:57:00,SENS-1007,255,15,100
2026-08-14 08:12:00,SENS-1007,172,21,57
2026-08-14 08:27:00,SENS-1007,130,13,63
2026-08-14 08:42:00,SENS-1007,278,16,100
2026-08-14 08:57:00,SENS-1007,181,23,60
2026-08-14 09:12:00,SENS-1007,167,27,55
2026-08-14 09:27:00,SENS-1007,109,30,36
2026-08-14 09:42:00,SENS-1007,217,20,72
2026-08-14 09:57:00,SENS-1007,175,32,58
2026-08-14 10:12:00,SENS-1007,118,52,39
2026-08-14 10:27:00,SENS-1007,116,45,38
2026-08-14 10:42:00,SENS-1007,65,60,21
2026-08-14 10:57:00,SENS-1007,64,53,21
2026-08-14 11:12:00,SENS-1007,193,42,64
2026-08-14 11:27:00,SENS-1007,109,41,36
2026-08-14 11:42:00,SENS-1007,60,57,20
2026-08-14 11:57:00,SENS-1007,62,60,20
2026-08-14 12:12:00,SENS-1007,61,64,20
2026-08-14 12:27:00,SENS-1007,90,42,30
2026-08-14 12:42:00,SENS-1007,60,48,20
2026-08-14 12:57:00,SENS-1007,103,34,34
2026-08-14 13:12:00,SENS-1007,86,53,28
2026-08-14 13:27:00,SENS-1007,113,40,37
2026-08-14 13:42:00,SENS-1007,57,53,19
2026-08-14 13:57:00,SENS-1007,122,56,40
2026-08-14 14:12:00,SENS-1007,59,50,19
2026-08-14 14:27:00,SENS-1007,124,60,41
2026-08-14 14:42:00,SENS-1007,45,75,15
2026-08-14 14:57:00,SENS-1007,57,59,19
2026-08-14 15:12:00,SENS-1007,135,65,45
2026-08-14 15:27:00,SENS-1007,106,63,35
2026-08-14 15:42:00,SENS-1007,157,42,52
2026-08-14 15:57:00,SENS-1007,65,48,21
2026-08-14 16:12:00,SENS-1007,193,19,84
2026-08-14 16:27:00,SENS-1007,212,44,70
2026-08-14 16:42:00,SENS-1007,281,23,93
2026-08-14 16:57:00,SENS-1007,395,18,100
2026-08-14 17:12:00,SENS-1007,209,17,89
2026-08-14 17:27:00,SENS-1007,293,31,97
2026-08-14 17:42:00,SENS-1007,203,25,67
2026-08-14 17:57:00,SENS-1007,203,17,87
2026-08-14 18:12:00,SENS-1007,280,17,100
2026-08-14 18:27:00,SENS-1007,153,20,51
2026-08-14 18:42:00,SENS-1007,155,34,51
2026-08-14 18:57:00,SENS-1007,147,31,49
2026-08-14 19:12:00,SENS-1007,145,32,48
2026-08-14 19:27:00,SENS-1007,428,37,100
2026-08-14 19:42:00,SENS-1007,147,23,49
2026-08-14 19:57:00,SENS-1007,202,29,67
2026-08-07 19:57:00,SENS-1008,118,18,59
2026-08-07 20:12:00,SENS-1008,72,55,24
2026-08-07 20:27:00,SENS-1008,118,64,39
2026-08-07 20:42:00,SENS-1008,133,47,44
2026-08-07 20:57:00,SENS-1008,66,45,22
2026-08-07 21:12:00,SENS-1008,150,63,50
2026-08-07 21:27:00,SENS-1008,102,69,34
2026-08-07 21:42:00,SENS-1008,142,44,47
2026-08-07 21:57:00,SENS-1008,81,40,27
2026-08-07 22:12:00,SENS-1008,97,62,32
2026-08-07 22:27:00,SENS-1008,106,48,35
2026-08-07 22:42:00,SENS-1008,88,38,29
2026-08-07 22:57:00,SENS-1008,105,41,35
2026-08-07 23:12:00,SENS-1008,53,65,17
2026-08-07 23:27:00,SENS-1008,24,65,8
2026-08-07 23:42:00,SENS-1008,38,98,12
2026-08-07 23:57:00,SENS-1008,39,81,13
2026-08-08 00:12:00,SENS-1008,36,78,12
2026-08-08 00:27:00,SENS-1008,39,84,13
2026-08-08 00:42:00,SENS-1008,17,87,5
2026-08-08 00:57:00,SENS-1008,47,69,15
2026-08-08 01:12:00,SENS-1008,22,70,7
2026-08-08 01:27:00,SENS-1008,14,79,4
2026-08-08 01:42:00,SENS-1008,23,93,7
2026-08-08 01:57:00,SENS-1008,38,75,12
2026-08-08 02:12:00,SENS-1008,34,73,11
2026-08-08 02:27:00,SENS-1008,23,82,7
2026-08-08 02:42:00,SENS-1008,24,81,8
2026-08-08 02:57:00,SENS-1008,36,63,12
2026-08-08 03:12:00,SENS-1008,30,87,10
2026-08-08 03:27:00,SENS-1008,22,91,7
2026-08-08 03:42:00,SENS-1008,8,83,2
2026-08-08 03:57:00,SENS-1008,43,77,14
2026-08-08 04:12:00,SENS-1008,69,83,23
2026-08-08 04:27:00,SENS-1008,38,65,12
2026-08-08 04:42:00,SENS-1008,8,90,2
2026-08-08 04:57:00,SENS-1008,16,78,5
2026-08-08 05:12:00,SENS-1008,32,81,10
2026-08-08 05:27:00,SENS-1008,21,83,7
2026-08-08 05:42:00,SENS-1008,35,83,11
2026-08-08 05:57:00,SENS-1008,18,75,6
2026-08-08 06:12:00,SENS-1008,56,72,18
2026-08-08 06:27:00,SENS-1008,52,65,17
2026-08-08 06:42:00,SENS-1008,114,64,38
2026-08-08 06:57:00,SENS-1008,76,54,25
2026-08-08 07:12:00,SENS-1008,186,37,62
2026-08-08 07:27:00,SENS-1008,222,20,74
2026-08-08 07:42:00,SENS-1008,182,26,60
2026-08-08 07:57:00,SENS-1008,180,23,60
2026-08-08 08:12:00,SENS-1008,137,36,45
2026-08-08 08:27:00,SENS-1008,150,21,50
2026-08-08 08:42:00,SENS-1008,242,23,80
2026-08-08 08:57:00,SENS-1008,270,40,90
2026-08-08 09:12:00,SENS-1008,235,22,78
2026-08-08 09:27:00,SENS-1008,149,11,69
2026-08-08 09:42:00,SENS-1008,214,35,71
2026-08-08 09:57:00,SENS-1008,166,37,55
2026-08-08 10:12:00,SENS-1008,86,47,28
2026-08-08 10:27:00,SENS-1008,77,38,25
2026-08-08 10:42:00,SENS-1008,58,65,19
2026-08-08 10:57:00,SENS-1008,94,42,31
2026-08-08 11:12:00,SENS-1008,84,62,28
2026-08-08 11:27:00,SENS-1008,119,65,39
2026-08-08 11:42:00,SENS-1008,56,43,18
2026-08-08 11:57:00,SENS-1008,76,76,25
2026-08-08 12:12:00,SENS-1008,122,55,40
2026-08-08 12:27:00,SENS-1008,92,38,30
2026-08-08 12:42:00,SENS-1008,153,60,51
2026-08-08 12:57:00,SENS-1008,94,55,31
2026-08-08 13:12:00,SENS-1008,97,58,32
2026-08-08 13:27:00,SENS-1008,59,45,19
2026-08-08 13:42:00,SENS-1008,126,51,42
2026-08-08 13:57:00,SENS-1008,105,72,35
2026-08-08 14:12:00,SENS-1008,69,52,23
2026-08-08 14:27:00,SENS-1008,133,53,44
2026-08-08 14:42:00,SENS-1008,89,59,29
2026-08-08 14:57:00,SENS-1008,171,56,56
2026-08-08 15:12:00,SENS-1008,148,54,49
2026-08-08 15:27:00,SENS-1008,87,43,28
2026-08-08 15:42:00,SENS-1008,145,45,48
2026-08-08 15:57:00,SENS-1008,90,50,30
2026-08-08 16:12:00,SENS-1008,157,26,52
2026-08-08 16:27:00,SENS-1008,206,12,88
2026-08-08 16:42:00,SENS-1008,373,23,100
2026-08-08 16:57:00,SENS-1008,274,22,91
2026-08-08 17:12:00,SENS-1008,218,16,92
2026-08-08 17:27:00,SENS-1008,152,23,50
2026-08-08 17:42:00,SENS-1008,232,38,77
2026-08-08 17:57:00,SENS-1008,395,17,100
2026-08-08 18:12:00,SENS-1008,169,28,56
2026-08-08 18:27:00,SENS-1008,134,32,44
2026-08-08 18:42:00,SENS-1008,206,10,88
2026-08-08 18:57:00,SENS-1008,157,40,52
2026-08-08 19:12:00,SENS-1008,172,27,57
2026-08-08 19:27:00,SENS-1008,199,27,66
2026-08-08 19:42:00,SENS-1008,309,10,100
2026-08-08 19:57:00,SENS-1008,237,23,79
2026-08-08 20:12:00,SENS-1008,77,73,25
2026-08-08 20:27:00,SENS-1008,155,55,51
2026-08-08 20:42:00,SENS-1008,102,60,34
2026-08-08 20:57:00,SENS-1008,160,59,53
2026-08-08 21:12:00,SENS-1008,71,55,23
2026-08-08 21:27:00,SENS-1008,73,54,24
2026-08-08 21:42:00,SENS-1008,137,71,45
2026-08-08 21:57:00,SENS-1008,103,34,34
2026-08-08 22:12:00,SENS-1008,169,36,56
2026-08-08 22:27:00,SENS-1008,91,63,30
2026-08-08 22:42:00,SENS-1008,85,69,28
2026-08-08 22:57:00,SENS-1008,89,66,29
2026-08-08 23:12:00,SENS-1008,39,63,13
2026-08-08 23:27:00,SENS-1008,45,81,15
2026-08-08 23:42:00,SENS-1008,43,71,14
2026-08-08 23:57:00,SENS-1008,48,71,16
2026-08-09 00:12:00,SENS-1008,15,65,5
2026-08-09 00:27:00,SENS-1008,19,87,6
2026-08-09 00:42:00,SENS-1008,14,67,4
2026-08-09 00:57:00,SENS-1008,11,67,3
2026-08-09 01:12:00,SENS-1008,22,84,7
2026-08-09 01:27:00,SENS-1008,18,86,6
2026-08-09 01:42:00,SENS-1008,42,81,14
2026-08-09 01:57:00,SENS-1008,46,64,15
2026-08-09 02:12:00,SENS-1008,19,88,6
2026-08-09 02:27:00,SENS-1008,55,55,18
2026-08-09 02:42:00,SENS-1008,46,64,15
2026-08-09 02:57:00,SENS-1008,27,87,9
2026-08-09 03:12:00,SENS-1008,26,66,8
2026-08-09 03:27:00,SENS-1008,11,73,3
2026-08-09 03:42:00,SENS-1008,17,69,5
2026-08-09 03:57:00,SENS-1008,61,90,20
2026-08-09 04:12:00,SENS-1008,40,73,13
2026-08-09 04:27:00,SENS-1008,49,84,16
2026-08-09 04:42:00,SENS-1008,24,93,8
2026-08-09 04:57:00,SENS-1008,32,49,10
2026-08-09 05:12:00,SENS-1008,31,80,10
2026-08-09 05:27:00,SENS-1008,18,69,6
2026-08-09 05:42:00,SENS-1008,63,78,21
2026-08-09 05:57:00,SENS-1008,10,101,3
2026-08-09 06:12:00,SENS-1008,78,44,26
2026-08-09 06:27:00,SENS-1008,98,50,32
2026-08-09 06:42:00,SENS-1008,122,40,40
2026-08-09 06:57:00,SENS-1008,85,58,28
2026-08-09 07:12:00,SENS-1008,179,23,59
2026-08-09 07:27:00,SENS-1008,215,37,71
2026-08-09 07:42:00,SENS-1008,263,33,87
2026-08-09 07:57:00,SENS-1008,306,26,100
2026-08-09 08:12:00,SENS-1008,266,41,88
2026-08-09 08:27:00,SENS-1008,194,17,84
2026-08-09 08:42:00,SENS-1008,242,45,80
2026-08-09 08:57:00,SENS-1008,155,10,71
2026-08-09 09:12:00,SENS-1008,231,23,77
2026-08-09 09:27:00,SENS-1008,218,22,72
2026-08-09 09:42:00,SENS-1008,229,24,76
2026-08-09 09:57:00,SENS-1008,214,30,71
2026-08-09 10:12:00,SENS-1008,27,58,9
2026-08-09 10:27:00,SENS-1008,126,68,42
2026-08-09 10:42:00,SENS-1008,139,48,46
2026-08-09 10:57:00,SENS-1008,134,43,44
2026-08-09 11:12:00,SENS-1008,58,52,19
2026-08-09 11:27:00,SENS-1008,61,51,20
2026-08-09 11:42:00,SENS-1008,115,60,38
2026-08-09 11:57:00,SENS-1008,171,46,56
2026-08-09 12:12:00,SENS-1008,116,47,38
2026-08-09 12:27:00,SENS-1008,110,64,36
2026-08-09 12:42:00,SENS-1008,136,72,45
2026-08-09 12:57:00,SENS-1008,128,78,42
2026-08-09 13:12:00,SENS-1008,115,39,38
2026-08-09 13:27:00,SENS-1008,97,48,32
2026-08-09 13:42:00,SENS-1008,128,52,42
2026-08-09 13:57:00,SENS-1008,55,47,18
2026-08-09 14:12:00,SENS-1008,113,56,37
2026-08-09 14:27:00,SENS-1008,85,57,28
2026-08-09 14:42:00,SENS-1008,48,39,16
2026-08-09 14:57:00,SENS-1008,48,42,16
2026-08-09 15:12:00,SENS-1008,80,45,26
2026-08-09 15:27:00,SENS-1008,91,64,30
2026-08-09 15:42:00,SENS-1008,108,62,36
2026-08-09 15:57:00,SENS-1008,58,32,19
2026-08-09 16:12:00,SENS-1008,197,32,65
2026-08-09 16:27:00,SENS-1008,198,31,66
2026-08-09 16:42:00,SENS-1008,265,11,100
2026-08-09 16:57:00,SENS-1008,281,29,93
2026-08-09 17:12:00,SENS-1008,231,37,77
2026-08-09 17:27:00,SENS-1008,233,17,97
2026-08-09 17:42:00,SENS-1008,259,31,86
2026-08-09 17:57:00,SENS-1008,297,37,99
2026-08-09 18:12:00,SENS-1008,164,29,54
2026-08-09 18:27:00,SENS-1008,115,19,58
2026-08-09 18:42:00,SENS-1008,236,12,98
2026-08-09 18:57:00,SENS-1008,166,17,75
2026-08-09 19:12:00,SENS-1008,123,21,41
2026-08-09 19:27:00,SENS-1008,186,23,62
2026-08-09 19:42:00,SENS-1008,97,38,32
2026-08-09 19:57:00,SENS-1008,239,25,79
2026-08-09 20:12:00,SENS-1008,92,74,30
2026-08-09 20:27:00,SENS-1008,109,47,36
2026-08-09 20:42:00,SENS-1008,77,66,25
2026-08-09 20:57:00,SENS-1008,127,40,42
2026-08-09 21:12:00,SENS-1008,71,53,23
2026-08-09 21:27:00,SENS-1008,116,55,38
2026-08-09 21:42:00,SENS-1008,63,58,21
2026-08-09 21:57:00,SENS-1008,77,81,25
2026-08-09 22:12:00,SENS-1008,66,41,22
2026-08-09 22:27:00,SENS-1008,66,42,22
2026-08-09 22:42:00,SENS-1008,60,36,20
2026-08-09 22:57:00,SENS-1008,47,71,15
2026-08-09 23:12:00,SENS-1008,46,87,15
2026-08-09 23:27:00,SENS-1008,43,83,14
2026-08-09 23:42:00,SENS-1008,29,66,9
2026-08-09 23:57:00,SENS-1008,32,70,10
2026-08-10 00:12:00,SENS-1008,14,50,4
2026-08-10 00:27:00,SENS-1008,22,89,7
2026-08-10 00:42:00,SENS-1008,27,85,9
2026-08-10 00:57:00,SENS-1008,11,83,3
2026-08-10 01:12:00,SENS-1008,14,66,4
2026-08-10 01:27:00,SENS-1008,24,75,8
2026-08-10 01:42:00,SENS-1008,9,75,3
2026-08-10 01:57:00,SENS-1008,23,75,7
2026-08-10 02:12:00,SENS-1008,24,57,8
2026-08-10 02:27:00,SENS-1008,34,88,11
2026-08-10 02:42:00,SENS-1008,42,75,14
2026-08-10 02:57:00,SENS-1008,42,89,14
2026-08-10 03:12:00,SENS-1008,14,86,4
2026-08-10 03:27:00,SENS-1008,13,73,4
2026-08-10 03:42:00,SENS-1008,36,82,12
2026-08-10 03:57:00,SENS-1008,10,62,3
2026-08-10 04:12:00,SENS-1008,57,81,19
2026-08-10 04:27:00,SENS-1008,41,60,13
2026-08-10 04:42:00,SENS-1008,37,64,12
2026-08-10 04:57:00,SENS-1008,28,78,9
2026-08-10 05:12:00,SENS-1008,14,81,4
2026-08-10 05:27:00,SENS-1008,12,63,4
2026-08-10 05:42:00,SENS-1008,37,68,12
2026-08-10 05:57:00,SENS-1008,35,76,11
2026-08-10 06:12:00,SENS-1008,151,59,50
2026-08-10 06:27:00,SENS-1008,96,59,32
2026-08-10 06:42:00,SENS-1008,203,51,67
2026-08-10 06:57:00,SENS-1008,79,55,26
2026-08-10 07:12:00,SENS-1008,315,39,100
2026-08-10 07:27:00,SENS-1008,212,11,90
2026-08-10 07:42:00,SENS-1008,102,14,54
2026-08-10 07:57:00,SENS-1008,190,22,63
2026-08-10 08:12:00,SENS-1008,243,11,100
2026-08-10 08:27:00,SENS-1008,183,36,61
2026-08-10 08:42:00,SENS-1008,228,22,76
2026-08-10 08:57:00,SENS-1008,202,20,67
2026-08-10 09:12:00,SENS-1008,165,22,55
2026-08-10 09:27:00,SENS-1008,202,15,87
2026-08-10 09:42:00,SENS-1008,246,12,100
2026-08-10 09:57:00,SENS-1008,193,28,64
2026-08-10 10:12:00,SENS-1008,82,64,27
2026-08-10 10:27:00,SENS-1008,82,42,27
2026-08-10 10:42:00,SENS-1008,146,56,48
2026-08-10 10:57:00,SENS-1008,87,77,28
2026-08-10 11:12:00,SENS-1008,36,54,12
2026-08-10 11:27:00,SENS-1008,100,69,33
2026-08-10 11:42:00,SENS-1008,61,50,20
2026-08-10 11:57:00,SENS-1008,59,65,19
2026-08-10 12:12:00,SENS-1008,89,56,29
2026-08-10 12:27:00,SENS-1008,139,44,46
2026-08-10 12:42:00,SENS-1008,51,56,17
2026-08-10 12:57:00,SENS-1008,91,44,30
2026-08-10 13:12:00,SENS-1008,79,46,26
2026-08-10 13:27:00,SENS-1008,58,67,19
2026-08-10 13:42:00,SENS-1008,214,55,71
2026-08-10 13:57:00,SENS-1008,59,63,19
2026-08-10 14:12:00,SENS-1008,75,44,25
2026-08-10 14:27:00,SENS-1008,116,47,38
2026-08-10 14:42:00,SENS-1008,79,44,26
2026-08-10 14:57:00,SENS-1008,69,49,23
2026-08-10 15:12:00,SENS-1008,164,81,54
2026-08-10 15:27:00,SENS-1008,154,43,51
2026-08-10 15:42:00,SENS-1008,69,65,23
2026-08-10 15:57:00,SENS-1008,103,46,34
2026-08-10 16:12:00,SENS-1008,188,35,62
2026-08-10 16:27:00,SENS-1008,151,35,50
2026-08-10 16:42:00,SENS-1008,268,34,89
2026-08-10 16:57:00,SENS-1008,185,38,61
2026-08-10 17:12:00,SENS-1008,325,19,100
2026-08-10 17:27:00,SENS-1008,168,11,76
2026-08-10 17:42:00,SENS-1008,128,16,62
2026-08-10 17:57:00,SENS-1008,340,19,100
2026-08-10 18:12:00,SENS-1008,225,21,75
2026-08-10 18:27:00,SENS-1008,168,17,76
2026-08-10 18:42:00,SENS-1008,245,14,100
2026-08-10 18:57:00,SENS-1008,218,22,72
2026-08-10 19:12:00,SENS-1008,226,23,75
2026-08-10 19:27:00,SENS-1008,154,28,51
2026-08-10 19:42:00,SENS-1008,218,38,72
2026-08-10 19:57:00,SENS-1008,207,16,89
2026-08-10 20:12:00,SENS-1008,61,61,20
2026-08-10 20:27:00,SENS-1008,69,66,23
2026-08-10 20:42:00,SENS-1008,112,45,37
2026-08-10 20:57:00,SENS-1008,92,69,30
2026-08-10 21:12:00,SENS-1008,82,46,27
2026-08-10 21:27:00,SENS-1008,111,55,37
2026-08-10 21:42:00,SENS-1008,57,57,19
2026-08-10 21:57:00,SENS-1008,65,48,21
2026-08-10 22:12:00,SENS-1008,55,79,18
2026-08-10 22:27:00,SENS-1008,67,57,22
2026-08-10 22:42:00,SENS-1008,71,70,23
2026-08-10 22:57:00,SENS-1008,169,45,56
2026-08-10 23:12:00,SENS-1008,56,85,18
2026-08-10 23:27:00,SENS-1008,22,80,7
2026-08-10 23:42:00,SENS-1008,56,57,18
2026-08-10 23:57:00,SENS-1008,25,62,8
2026-08-11 00:12:00,SENS-1008,41,86,13
2026-08-11 00:27:00,SENS-1008,19,70,6
2026-08-11 00:42:00,SENS-1008,37,59,12
2026-08-11 00:57:00,SENS-1008,19,65,6
2026-08-11 01:12:00,SENS-1008,35,82,11
2026-08-11 01:27:00,SENS-1008,16,87,5
2026-08-11 01:42:00,SENS-1008,48,85,16
2026-08-11 01:57:00,SENS-1008,46,66,15
2026-08-11 02:12:00,SENS-1008,16,92,5
2026-08-11 02:27:00,SENS-1008,38,73,12
2026-08-11 02:42:00,SENS-1008,10,66,3
2026-08-11 02:57:00,SENS-1008,37,52,12
2026-08-11 03:12:00,SENS-1008,49,78,16
2026-08-11 03:27:00,SENS-1008,33,82,11
2026-08-11 03:42:00,SENS-1008,60,82,20
2026-08-11 03:57:00,SENS-1008,16,68,5
2026-08-11 04:12:00,SENS-1008,19,69,6
2026-08-11 04:27:00,SENS-1008,43,57,14
2026-08-11 04:42:00,SENS-1008,20,79,6
2026-08-11 04:57:00,SENS-1008,12,69,4
2026-08-11 05:12:00,SENS-1008,14,88,4
2026-08-11 05:27:00,SENS-1008,35,86,11
2026-08-11 05:42:00,SENS-1008,21,75,7
2026-08-11 05:57:00,SENS-1008,47,71,15
2026-08-11 06:12:00,SENS-1008,145,53,48
2026-08-11 06:27:00,SENS-1008,57,65,19
2026-08-11 06:42:00,SENS-1008,99,50,33
2026-08-11 06:57:00,SENS-1008,62,40,20
2026-08-11 07:12:00,SENS-1008,287,22,95
2026-08-11 07:27:00,SENS-1008,278,16,100
2026-08-11 07:42:00,SENS-1008,199,13,86
2026-08-11 07:57:00,SENS-1008,229,18,96
2026-08-11 08:12:00,SENS-1008,276,17,100
2026-08-11 08:27:00,SENS-1008,198,21,66
2026-08-11 08:42:00,SENS-1008,332,42,100
2026-08-11 08:57:00,SENS-1008,221,28,73
2026-08-11 09:12:00,SENS-1008,228,31,76
2026-08-11 09:27:00,SENS-1008,194,25,64
2026-08-11 09:42:00,SENS-1008,426,20,100
2026-08-11 09:57:00,SENS-1008,135,43,45
2026-08-11 10:12:00,SENS-1008,79,52,26
2026-08-11 10:27:00,SENS-1008,126,64,42
2026-08-11 10:42:00,SENS-1008,98,62,32
2026-08-11 10:57:00,SENS-1008,105,40,35
2026-08-11 11:12:00,SENS-1008,137,49,45
2026-08-11 11:27:00,SENS-1008,120,46,40
2026-08-11 11:42:00,SENS-1008,56,37,18
2026-08-11 11:57:00,SENS-1008,36,73,12
2026-08-11 12:12:00,SENS-1008,102,47,34
2026-08-11 12:27:00,SENS-1008,96,49,32
2026-08-11 12:42:00,SENS-1008,135,61,45
2026-08-11 12:57:00,SENS-1008,79,51,26
2026-08-11 13:12:00,SENS-1008,153,41,51
2026-08-11 13:27:00,SENS-1008,81,30,27
2026-08-11 13:42:00,SENS-1008,133,43,44
2026-08-11 13:57:00,SENS-1008,178,63,59
2026-08-11 14:12:00,SENS-1008,111,44,37
2026-08-11 14:27:00,SENS-1008,137,67,45
2026-08-11 14:42:00,SENS-1008,112,63,37
2026-08-11 14:57:00,SENS-1008,62,59,20
2026-08-11 15:12:00,SENS-1008,92,51,30
2026-08-11 15:27:00,SENS-1008,149,40,49
2026-08-11 15:42:00,SENS-1008,133,59,44
2026-08-11 15:57:00,SENS-1008,106,53,35
2026-08-11 16:12:00,SENS-1008,95,32,31
2026-08-11 16:27:00,SENS-1008,254,14,100
2026-08-11 16:42:00,SENS-1008,240,30,80
2026-08-11 16:57:00,SENS-1008,216,15,92
2026-08-11 17:12:00,SENS-1008,229,15,96
2026-08-11 17:27:00,SENS-1008,271,10,100
2026-08-11 17:42:00,SENS-1008,289,38,96
2026-08-11 17:57:00,SENS-1008,203,27,67
2026-08-11 18:12:00,SENS-1008,231,14,97
2026-08-11 18:27:00,SENS-1008,226,22,75
2026-08-11 18:42:00,SENS-1008,233,33,77
2026-08-11 18:57:00,SENS-1008,185,22,61
2026-08-11 19:12:00,SENS-1008,205,15,88
2026-08-11 19:27:00,SENS-1008,242,30,80
2026-08-11 19:42:00,SENS-1008,356,19,100
2026-08-11 19:57:00,SENS-1008,280,42,93
2026-08-11 20:12:00,SENS-1008,82,53,27
2026-08-11 20:27:00,SENS-1008,108,39,36
2026-08-11 20:42:00,SENS-1008,90,62,30
2026-08-11 20:57:00,SENS-1008,62,44,20
2026-08-11 21:12:00,SENS-1008,64,50,21
2026-08-11 21:27:00,SENS-1008,77,46,25
2026-08-11 21:42:00,SENS-1008,60,46,20
2026-08-11 21:57:00,SENS-1008,85,42,28
2026-08-11 22:12:00,SENS-1008,73,70,24
2026-08-11 22:27:00,SENS-1008,113,74,37
2026-08-11 22:42:00,SENS-1008,77,49,25
2026-08-11 22:57:00,SENS-1008,181,69,60
2026-08-11 23:12:00,SENS-1008,33,64,11
2026-08-11 23:27:00,SENS-1008,9,66,3
2026-08-11 23:42:00,SENS-1008,15,80,5
2026-08-11 23:57:00,SENS-1008,21,78,7
2026-08-12 00:12:00,SENS-1008,17,90,5
2026-08-12 00:27:00,SENS-1008,8,91,2
2026-08-12 00:42:00,SENS-1008,45,91,15
2026-08-12 00:57:00,SENS-1008,43,96,14
2026-08-12 01:12:00,SENS-1008,22,77,7
2026-08-12 01:27:00,SENS-1008,39,51,13
2026-08-12 01:42:00,SENS-1008,21,97,7
2026-08-12 01:57:00,SENS-1008,16,70,5
2026-08-12 02:12:00,SENS-1008,31,70,10
2026-08-12 02:27:00,SENS-1008,35,87,11
2026-08-12 02:42:00,SENS-1008,26,72,8
2026-08-12 02:57:00,SENS-1008,19,85,6
2026-08-12 03:12:00,SENS-1008,25,59,8
2026-08-12 03:27:00,SENS-1008,22,68,7
2026-08-12 03:42:00,SENS-1008,14,81,4
2026-08-12 03:57:00,SENS-1008,37,79,12
2026-08-12 04:12:00,SENS-1008,17,70,5
2026-08-12 04:27:00,SENS-1008,40,90,13
2026-08-12 04:42:00,SENS-1008,18,98,6
2026-08-12 04:57:00,SENS-1008,30,64,10
2026-08-12 05:12:00,SENS-1008,57,65,19
2026-08-12 05:27:00,SENS-1008,29,83,9
2026-08-12 05:42:00,SENS-1008,42,61,14
2026-08-12 05:57:00,SENS-1008,25,63,8
2026-08-12 06:12:00,SENS-1008,51,61,17
2026-08-12 06:27:00,SENS-1008,123,64,41
2026-08-12 06:42:00,SENS-1008,53,56,17
2026-08-12 06:57:00,SENS-1008,63,55,21
2026-08-12 07:12:00,SENS-1008,185,20,61
2026-08-12 07:27:00,SENS-1008,319,38,100
2026-08-12 07:42:00,SENS-1008,376,27,100
2026-08-12 07:57:00,SENS-1008,215,34,71
2026-08-12 08:12:00,SENS-1008,127,26,42
2026-08-12 08:27:00,SENS-1008,197,17,85
2026-08-12 08:42:00,SENS-1008,283,29,94
2026-08-12 08:57:00,SENS-1008,309,26,100
2026-08-12 09:12:00,SENS-1008,179,17,79
2026-08-12 09:27:00,SENS-1008,223,12,94
2026-08-12 09:42:00,SENS-1008,185,20,61
2026-08-12 09:57:00,SENS-1008,263,17,100
2026-08-12 10:12:00,SENS-1008,53,44,17
2026-08-12 10:27:00,SENS-1008,107,52,35
2026-08-12 10:42:00,SENS-1008,80,95,26
2026-08-12 10:57:00,SENS-1008,132,46,44
2026-08-12 11:12:00,SENS-1008,67,51,22
2026-08-12 11:27:00,SENS-1008,60,64,20
2026-08-12 11:42:00,SENS-1008,50,45,16
2026-08-12 11:57:00,SENS-1008,137,59,45
2026-08-12 12:12:00,SENS-1008,32,63,10
2026-08-12 12:27:00,SENS-1008,117,60,39
2026-08-12 12:42:00,SENS-1008,178,39,59
2026-08-12 12:57:00,SENS-1008,100,46,33
2026-08-12 13:12:00,SENS-1008,65,42,21
2026-08-12 13:27:00,SENS-1008,151,51,50
2026-08-12 13:42:00,SENS-1008,127,46,42
2026-08-12 13:57:00,SENS-1008,68,55,22
2026-08-12 14:12:00,SENS-1008,155,61,51
2026-08-12 14:27:00,SENS-1008,66,61,22
2026-08-12 14:42:00,SENS-1008,89,49,29
2026-08-12 14:57:00,SENS-1008,126,40,42
2026-08-12 15:12:00,SENS-1008,130,65,43
2026-08-12 15:27:00,SENS-1008,53,50,17
2026-08-12 15:42:00,SENS-1008,64,55,21
2026-08-12 15:57:00,SENS-1008,51,55,17
2026-08-12 16:12:00,SENS-1008,179,17,79
2026-08-12 16:27:00,SENS-1008,140,17,66
2026-08-12 16:42:00,SENS-1008,187,31,62
2026-08-12 16:57:00,SENS-1008,176,25,58
2026-08-12 17:12:00,SENS-1008,169,18,76
2026-08-12 17:27:00,SENS-1008,211,30,70
2026-08-12 17:42:00,SENS-1008,179,22,59
2026-08-12 17:57:00,SENS-1008,332,23,100
2026-08-12 18:12:00,SENS-1008,282,34,94
2026-08-12 18:27:00,SENS-1008,199,12,86
2026-08-12 18:42:00,SENS-1008,280,14,100
2026-08-12 18:57:00,SENS-1008,195,11,85
2026-08-12 19:12:00,SENS-1008,190,10,83
2026-08-12 19:27:00,SENS-1008,194,18,84
2026-08-12 19:42:00,SENS-1008,288,31,96
2026-08-12 19:57:00,SENS-1008,254,24,84
2026-08-12 20:12:00,SENS-1008,63,49,21
2026-08-12 20:27:00,SENS-1008,141,48,47
2026-08-12 20:42:00,SENS-1008,77,66,25
2026-08-12 20:57:00,SENS-1008,131,45,43
2026-08-12 21:12:00,SENS-1008,94,65,31
2026-08-12 21:27:00,SENS-1008,72,38,24
2026-08-12 21:42:00,SENS-1008,51,83,17
2026-08-12 21:57:00,SENS-1008,110,49,36
2026-08-12 22:12:00,SENS-1008,108,44,36
2026-08-12 22:27:00,SENS-1008,94,31,31
2026-08-12 22:42:00,SENS-1008,87,33,28
2026-08-12 22:57:00,SENS-1008,100,42,33
2026-08-12 23:12:00,SENS-1008,46,66,15
2026-08-12 23:27:00,SENS-1008,29,57,9
2026-08-12 23:42:00,SENS-1008,30,83,10
2026-08-12 23:57:00,SENS-1008,23,64,7
2026-08-13 00:12:00,SENS-1008,18,77,6
2026-08-13 00:27:00,SENS-1008,52,76,17
2026-08-13 00:42:00,SENS-1008,40,69,13
2026-08-13 00:57:00,SENS-1008,31,107,10
2026-08-13 01:12:00,SENS-1008,51,59,17
2026-08-13 01:27:00,SENS-1008,12,68,4
2026-08-13 01:42:00,SENS-1008,30,58,10
2026-08-13 01:57:00,SENS-1008,24,62,8
2026-08-13 02:12:00,SENS-1008,22,79,7
2026-08-13 02:27:00,SENS-1008,25,58,8
2026-08-13 02:42:00,SENS-1008,49,82,16
2026-08-13 02:57:00,SENS-1008,39,74,13
2026-08-13 03:12:00,SENS-1008,36,68,12
2026-08-13 03:27:00,SENS-1008,35,85,11
2026-08-13 03:42:00,SENS-1008,24,82,8
2026-08-13 03:57:00,SENS-1008,12,73,4
2026-08-13 04:12:00,SENS-1008,42,89,14
2026-08-13 04:27:00,SENS-1008,61,74,20
2026-08-13 04:42:00,SENS-1008,31,97,10
2026-08-13 04:57:00,SENS-1008,28,76,9
2026-08-13 05:12:00,SENS-1008,50,59,16
2026-08-13 05:27:00,SENS-1008,21,101,7
2026-08-13 05:42:00,SENS-1008,13,76,4
2026-08-13 05:57:00,SENS-1008,30,75,10
2026-08-13 06:12:00,SENS-1008,110,44,36
2026-08-13 06:27:00,SENS-1008,125,55,41
2026-08-13 06:42:00,SENS-1008,124,59,41
2026-08-13 06:57:00,SENS-1008,102,68,34
2026-08-13 07:12:00,SENS-1008,139,26,46
2026-08-13 07:27:00,SENS-1008,275,24,91
2026-08-13 07:42:00,SENS-1008,316,16,100
2026-08-13 07:57:00,SENS-1008,209,16,89
2026-08-13 08:12:00,SENS-1008,268,29,89
2026-08-13 08:27:00,SENS-1008,266,28,88
2026-08-13 08:42:00,SENS-1008,247,35,82
2026-08-13 08:57:00,SENS-1008,128,31,42
2026-08-13 09:12:00,SENS-1008,193,34,64
2026-08-13 09:27:00,SENS-1008,237,28,79
2026-08-13 09:42:00,SENS-1008,276,27,92
2026-08-13 09:57:00,SENS-1008,273,12,100
2026-08-13 10:12:00,SENS-1008,48,40,16
2026-08-13 10:27:00,SENS-1008,65,46,21
2026-08-13 10:42:00,SENS-1008,170,58,56
2026-08-13 10:57:00,SENS-1008,122,52,40
2026-08-13 11:12:00,SENS-1008,155,70,51
2026-08-13 11:27:00,SENS-1008,102,53,34
2026-08-13 11:42:00,SENS-1008,122,60,40
2026-08-13 11:57:00,SENS-1008,130,43,43
2026-08-13 12:12:00,SENS-1008,134,51,44
2026-08-13 12:27:00,SENS-1008,113,53,37
2026-08-13 12:42:00,SENS-1008,109,68,36
2026-08-13 12:57:00,SENS-1008,91,55,30
2026-08-13 13:12:00,SENS-1008,58,46,19
2026-08-13 13:27:00,SENS-1008,147,72,49
2026-08-13 13:42:00,SENS-1008,107,65,35
2026-08-13 13:57:00,SENS-1008,95,60,31
2026-08-13 14:12:00,SENS-1008,105,68,35
2026-08-13 14:27:00,SENS-1008,95,61,31
2026-08-13 14:42:00,SENS-1008,36,65,12
2026-08-13 14:57:00,SENS-1008,94,39,31
2026-08-13 15:12:00,SENS-1008,45,59,15
2026-08-13 15:27:00,SENS-1008,105,51,35
2026-08-13 15:42:00,SENS-1008,109,58,36
2026-08-13 15:57:00,SENS-1008,67,51,22
2026-08-13 16:12:00,SENS-1008,122,18,60
2026-08-13 16:27:00,SENS-1008,167,18,75
2026-08-13 16:42:00,SENS-1008,200,31,66
2026-08-13 16:57:00,SENS-1008,286,20,95
2026-08-13 17:12:00,SENS-1008,169,29,56
2026-08-13 17:27:00,SENS-1008,264,24,88
2026-08-13 17:42:00,SENS-1008,233,39,77
2026-08-13 17:57:00,SENS-1008,178,10,79
2026-08-13 18:12:00,SENS-1008,237,46,79
2026-08-13 18:27:00,SENS-1008,150,21,50
2026-08-13 18:42:00,SENS-1008,184,16,81
2026-08-13 18:57:00,SENS-1008,214,21,71
2026-08-13 19:12:00,SENS-1008,338,23,100
2026-08-13 19:27:00,SENS-1008,212,26,70
2026-08-13 19:42:00,SENS-1008,227,25,75
2026-08-13 19:57:00,SENS-1008,205,29,68
2026-08-13 20:12:00,SENS-1008,129,58,43
2026-08-13 20:27:00,SENS-1008,48,48,16
2026-08-13 20:42:00,SENS-1008,51,48,17
2026-08-13 20:57:00,SENS-1008,138,61,46
2026-08-13 21:12:00,SENS-1008,109,62,36
2026-08-13 21:27:00,SENS-1008,122,59,40
2026-08-13 21:42:00,SENS-1008,94,39,31
2026-08-13 21:57:00,SENS-1008,84,58,28
2026-08-13 22:12:00,SENS-1008,96,54,32
2026-08-13 22:27:00,SENS-1008,66,57,22
2026-08-13 22:42:00,SENS-1008,155,59,51
2026-08-13 22:57:00,SENS-1008,134,37,44
2026-08-13 23:12:00,SENS-1008,27,75,9
2026-08-13 23:27:00,SENS-1008,15,71,5
2026-08-13 23:42:00,SENS-1008,17,79,5
2026-08-13 23:57:00,SENS-1008,16,89,5
2026-08-14 00:12:00,SENS-1008,15,96,5
2026-08-14 00:27:00,SENS-1008,32,85,10
2026-08-14 00:42:00,SENS-1008,18,69,6
2026-08-14 00:57:00,SENS-1008,24,75,8
2026-08-14 01:12:00,SENS-1008,31,70,10
2026-08-14 01:27:00,SENS-1008,31,97,10
2026-08-14 01:42:00,SENS-1008,22,60,7
2026-08-14 01:57:00,SENS-1008,31,75,10
2026-08-14 02:12:00,SENS-1008,35,80,11
2026-08-14 02:27:00,SENS-1008,17,75,5
2026-08-14 02:42:00,SENS-1008,30,83,10
2026-08-14 02:57:00,SENS-1008,9,66,3
2026-08-14 03:12:00,SENS-1008,47,93,15
2026-08-14 03:27:00,SENS-1008,25,75,8
2026-08-14 03:42:00,SENS-1008,58,64,19
2026-08-14 03:57:00,SENS-1008,44,96,14
2026-08-14 04:12:00,SENS-1008,44,72,14
2026-08-14 04:27:00,SENS-1008,20,57,6
2026-08-14 04:42:00,SENS-1008,20,99,6
2026-08-14 04:57:00,SENS-1008,41,104,13
2026-08-14 05:12:00,SENS-1008,41,83,13
2026-08-14 05:27:00,SENS-1008,57,85,19
2026-08-14 05:42:00,SENS-1008,36,65,12
2026-08-14 05:57:00,SENS-1008,15,54,5
2026-08-14 06:12:00,SENS-1008,74,47,24
2026-08-14 06:27:00,SENS-1008,128,46,42
2026-08-14 06:42:00,SENS-1008,63,58,21
2026-08-14 06:57:00,SENS-1008,98,77,32
2026-08-14 07:12:00,SENS-1008,163,22,54
2026-08-14 07:27:00,SENS-1008,145,14,68
2026-08-14 07:42:00,SENS-1008,200,28,66
2026-08-14 07:57:00,SENS-1008,202,31,67
2026-08-14 08:12:00,SENS-1008,218,33,72
2026-08-14 08:27:00,SENS-1008,246,16,100
2026-08-14 08:42:00,SENS-1008,223,26,74
2026-08-14 08:57:00,SENS-1008,269,32,89
2026-08-14 09:12:00,SENS-1008,253,28,84
2026-08-14 09:27:00,SENS-1008,372,11,100
2026-08-14 09:42:00,SENS-1008,231,18,97
2026-08-14 09:57:00,SENS-1008,321,27,100
2026-08-14 10:12:00,SENS-1008,137,45,45
2026-08-14 10:27:00,SENS-1008,109,40,36
2026-08-14 10:42:00,SENS-1008,112,56,37
2026-08-14 10:57:00,SENS-1008,157,62,52
2026-08-14 11:12:00,SENS-1008,89,69,29
2026-08-14 11:27:00,SENS-1008,111,48,37
2026-08-14 11:42:00,SENS-1008,64,65,21
2026-08-14 11:57:00,SENS-1008,78,65,26
2026-08-14 12:12:00,SENS-1008,116,47,38
2026-08-14 12:27:00,SENS-1008,174,56,57
2026-08-14 12:42:00,SENS-1008,104,35,34
2026-08-14 12:57:00,SENS-1008,105,43,35
2026-08-14 13:12:00,SENS-1008,71,42,23
2026-08-14 13:27:00,SENS-1008,140,41,46
2026-08-14 13:42:00,SENS-1008,127,63,42
2026-08-14 13:57:00,SENS-1008,156,40,52
2026-08-14 14:12:00,SENS-1008,90,43,30
2026-08-14 14:27:00,SENS-1008,98,68,32
2026-08-14 14:42:00,SENS-1008,74,43,24
2026-08-14 14:57:00,SENS-1008,72,51,24
2026-08-14 15:12:00,SENS-1008,151,39,50
2026-08-14 15:27:00,SENS-1008,133,67,44
2026-08-14 15:42:00,SENS-1008,84,54,28
2026-08-14 15:57:00,SENS-1008,117,40,39
2026-08-14 16:12:00,SENS-1008,141,34,47
2026-08-14 16:27:00,SENS-1008,217,22,72
2026-08-14 16:42:00,SENS-1008,292,30,97
2026-08-14 16:57:00,SENS-1008,256,36,85
2026-08-14 17:12:00,SENS-1008,315,23,100
2026-08-14 17:27:00,SENS-1008,170,41,56
2026-08-14 17:42:00,SENS-1008,236,17,98
2026-08-14 17:57:00,SENS-1008,231,24,77
2026-08-14 18:12:00,SENS-1008,258,32,86
2026-08-14 18:27:00,SENS-1008,250,18,100
2026-08-14 18:42:00,SENS-1008,264,11,100
2026-08-14 18:57:00,SENS-1008,214,35,71
2026-08-14 19:12:00,SENS-1008,192,13,84
2026-08-14 19:27:00,SENS-1008,177,26,59
2026-08-14 19:42:00,SENS-1008,264,21,88
2026-08-14 19:57:00,SENS-1008,136,35,45
2026-08-07 19:57:00,SENS-1009,290,13,100
2026-08-07 20:12:00,SENS-1009,60,51,20
2026-08-07 20:27:00,SENS-1009,140,57,46
2026-08-07 20:42:00,SENS-1009,117,49,39
2026-08-07 20:57:00,SENS-1009,52,36,17
2026-08-07 21:12:00,SENS-1009,176,64,58
2026-08-07 21:27:00,SENS-1009,131,53,43
2026-08-07 21:42:00,SENS-1009,148,71,49
2026-08-07 21:57:00,SENS-1009,142,38,47
2026-08-07 22:12:00,SENS-1009,137,55,45
2026-08-07 22:27:00,SENS-1009,104,68,34
2026-08-07 22:42:00,SENS-1009,70,49,23
2026-08-07 22:57:00,SENS-1009,43,35,14
2026-08-07 23:12:00,SENS-1009,24,78,8
2026-08-07 23:27:00,SENS-1009,56,58,18
2026-08-07 23:42:00,SENS-1009,28,72,9
2026-08-07 23:57:00,SENS-1009,26,100,8
2026-08-08 00:12:00,SENS-1009,21,92,7
2026-08-08 00:27:00,SENS-1009,18,80,6
2026-08-08 00:42:00,SENS-1009,42,79,14
2026-08-08 00:57:00,SENS-1009,44,87,14
2026-08-08 01:12:00,SENS-1009,36,73,12
2026-08-08 01:27:00,SENS-1009,48,75,16
2026-08-08 01:42:00,SENS-1009,11,62,3
2026-08-08 01:57:00,SENS-1009,35,77,11
2026-08-08 02:12:00,SENS-1009,12,61,4
2026-08-08 02:27:00,SENS-1009,33,72,11
2026-08-08 02:42:00,SENS-1009,25,56,8
2026-08-08 02:57:00,SENS-1009,35,68,11
2026-08-08 03:12:00,SENS-1009,17,69,5
2026-08-08 03:27:00,SENS-1009,26,62,8
2026-08-08 03:42:00,SENS-1009,41,66,13
2026-08-08 03:57:00,SENS-1009,11,77,3
2026-08-08 04:12:00,SENS-1009,67,87,22
2026-08-08 04:27:00,SENS-1009,12,60,4
2026-08-08 04:42:00,SENS-1009,33,64,11
2026-08-08 04:57:00,SENS-1009,38,74,12
2026-08-08 05:12:00,SENS-1009,38,78,12
2026-08-08 05:27:00,SENS-1009,28,86,9
2026-08-08 05:42:00,SENS-1009,22,65,7
2026-08-08 05:57:00,SENS-1009,14,92,4
2026-08-08 06:12:00,SENS-1009,87,53,28
2026-08-08 06:27:00,SENS-1009,137,37,45
2026-08-08 06:42:00,SENS-1009,81,51,27
2026-08-08 06:57:00,SENS-1009,84,55,28
2026-08-08 07:12:00,SENS-1009,207,25,69
2026-08-08 07:27:00,SENS-1009,158,19,72
2026-08-08 07:42:00,SENS-1009,177,42,59
2026-08-08 07:57:00,SENS-1009,321,16,100
2026-08-08 08:12:00,SENS-1009,179,14,79
2026-08-08 08:27:00,SENS-1009,188,39,62
2026-08-08 08:42:00,SENS-1009,254,31,84
2026-08-08 08:57:00,SENS-1009,197,32,65
2026-08-08 09:12:00,SENS-1009,309,9,100
2026-08-08 09:27:00,SENS-1009,199,13,86
2026-08-08 09:42:00,SENS-1009,172,11,77
2026-08-08 09:57:00,SENS-1009,196,23,65
2026-08-08 10:12:00,SENS-1009,129,72,43
2026-08-08 10:27:00,SENS-1009,86,46,28
2026-08-08 10:42:00,SENS-1009,132,62,44
2026-08-08 10:57:00,SENS-1009,116,64,38
2026-08-08 11:12:00,SENS-1009,111,44,37
2026-08-08 11:27:00,SENS-1009,105,44,35
2026-08-08 11:42:00,SENS-1009,73,69,24
2026-08-08 11:57:00,SENS-1009,97,56,32
2026-08-08 12:12:00,SENS-1009,89,49,29
2026-08-08 12:27:00,SENS-1009,114,43,38
2026-08-08 12:42:00,SENS-1009,50,62,16
2026-08-08 12:57:00,SENS-1009,168,57,56
2026-08-08 13:12:00,SENS-1009,183,61,61
2026-08-08 13:27:00,SENS-1009,79,67,26
2026-08-08 13:42:00,SENS-1009,106,60,35
2026-08-08 13:57:00,SENS-1009,108,42,36
2026-08-08 14:12:00,SENS-1009,151,42,50
2026-08-08 14:27:00,SENS-1009,179,57,59
2026-08-08 14:42:00,SENS-1009,81,56,27
2026-08-08 14:57:00,SENS-1009,66,64,22
2026-08-08 15:12:00,SENS-1009,144,54,48
2026-08-08 15:27:00,SENS-1009,99,52,33
2026-08-08 15:42:00,SENS-1009,91,42,30
2026-08-08 15:57:00,SENS-1009,83,64,27
2026-08-08 16:12:00,SENS-1009,197,24,65
2026-08-08 16:27:00,SENS-1009,198,28,66
2026-08-08 16:42:00,SENS-1009,250,36,83
2026-08-08 16:57:00,SENS-1009,220,25,73
2026-08-08 17:12:00,SENS-1009,146,32,48
2026-08-08 17:27:00,SENS-1009,249,21,83
2026-08-08 17:42:00,SENS-1009,271,23,90
2026-08-08 17:57:00,SENS-1009,190,20,63
2026-08-08 18:12:00,SENS-1009,257,43,85
2026-08-08 18:27:00,SENS-1009,240,20,80
2026-08-08 18:42:00,SENS-1009,198,38,66
2026-08-08 18:57:00,SENS-1009,318,17,100
2026-08-08 19:12:00,SENS-1009,254,28,84
2026-08-08 19:27:00,SENS-1009,238,21,79
2026-08-08 19:42:00,SENS-1009,283,14,100
2026-08-08 19:57:00,SENS-1009,316,38,100
2026-08-08 20:12:00,SENS-1009,185,53,61
2026-08-08 20:27:00,SENS-1009,89,38,29
2026-08-08 20:42:00,SENS-1009,147,67,49
2026-08-08 20:57:00,SENS-1009,65,58,21
2026-08-08 21:12:00,SENS-1009,70,63,23
2026-08-08 21:27:00,SENS-1009,154,52,51
2026-08-08 21:42:00,SENS-1009,115,72,38
2026-08-08 21:57:00,SENS-1009,70,67,23
2026-08-08 22:12:00,SENS-1009,70,39,23
2026-08-08 22:27:00,SENS-1009,134,66,44
2026-08-08 22:42:00,SENS-1009,133,45,44
2026-08-08 22:57:00,SENS-1009,111,66,37
2026-08-08 23:12:00,SENS-1009,20,70,6
2026-08-08 23:27:00,SENS-1009,25,79,8
2026-08-08 23:42:00,SENS-1009,41,63,13
2026-08-08 23:57:00,SENS-1009,11,69,3
2026-08-09 00:12:00,SENS-1009,16,91,5
2026-08-09 00:27:00,SENS-1009,36,78,12
2026-08-09 00:42:00,SENS-1009,21,92,7
2026-08-09 00:57:00,SENS-1009,22,62,7
2026-08-09 01:12:00,SENS-1009,34,60,11
2026-08-09 01:27:00,SENS-1009,8,77,2
2026-08-09 01:42:00,SENS-1009,36,70,12
2026-08-09 01:57:00,SENS-1009,12,80,4
2026-08-09 02:12:00,SENS-1009,30,66,10
2026-08-09 02:27:00,SENS-1009,34,76,11
2026-08-09 02:42:00,SENS-1009,8,91,2
2026-08-09 02:57:00,SENS-1009,31,95,10
2026-08-09 03:12:00,SENS-1009,21,99,7
2026-08-09 03:27:00,SENS-1009,50,63,16
2026-08-09 03:42:00,SENS-1009,12,72,4
2026-08-09 03:57:00,SENS-1009,11,77,3
2026-08-09 04:12:00,SENS-1009,49,81,16
2026-08-09 04:27:00,SENS-1009,44,80,14
2026-08-09 04:42:00,SENS-1009,27,65,9
2026-08-09 04:57:00,SENS-1009,8,54,2
2026-08-09 05:12:00,SENS-1009,12,64,4
2026-08-09 05:27:00,SENS-1009,16,68,5
2026-08-09 05:42:00,SENS-1009,8,80,2
2026-08-09 05:57:00,SENS-1009,25,67,8
2026-08-09 06:12:00,SENS-1009,74,44,24
2026-08-09 06:27:00,SENS-1009,166,72,55
2026-08-09 06:42:00,SENS-1009,58,50,19
2026-08-09 06:57:00,SENS-1009,117,57,39
2026-08-09 07:12:00,SENS-1009,219,22,73
2026-08-09 07:27:00,SENS-1009,251,22,83
2026-08-09 07:42:00,SENS-1009,240,21,80
2026-08-09 07:57:00,SENS-1009,220,9,93
2026-08-09 08:12:00,SENS-1009,259,22,86
2026-08-09 08:27:00,SENS-1009,151,24,50
2026-08-09 08:42:00,SENS-1009,142,32,47
2026-08-09 08:57:00,SENS-1009,208,35,69
2026-08-09 09:12:00,SENS-1009,284,29,94
2026-08-09 09:27:00,SENS-1009,146,34,48
2026-08-09 09:42:00,SENS-1009,175,25,58
2026-08-09 09:57:00,SENS-1009,354,25,100
2026-08-09 10:12:00,SENS-1009,61,48,20
2026-08-09 10:27:00,SENS-1009,131,68,43
2026-08-09 10:42:00,SENS-1009,61,46,20
2026-08-09 10:57:00,SENS-1009,64,59,21
2026-08-09 11:12:00,SENS-1009,82,41,27
2026-08-09 11:27:00,SENS-1009,55,61,18
2026-08-09 11:42:00,SENS-1009,49,53,16
2026-08-09 11:57:00,SENS-1009,98,78,32
2026-08-09 12:12:00,SENS-1009,56,61,18
2026-08-09 12:27:00,SENS-1009,104,39,34
2026-08-09 12:42:00,SENS-1009,72,55,24
2026-08-09 12:57:00,SENS-1009,59,57,19
2026-08-09 13:12:00,SENS-1009,163,58,54
2026-08-09 13:27:00,SENS-1009,111,46,37
2026-08-09 13:42:00,SENS-1009,50,50,16
2026-08-09 13:57:00,SENS-1009,126,39,42
2026-08-09 14:12:00,SENS-1009,97,54,32
2026-08-09 14:27:00,SENS-1009,70,53,23
2026-08-09 14:42:00,SENS-1009,69,52,23
2026-08-09 14:57:00,SENS-1009,67,62,22
2026-08-09 15:12:00,SENS-1009,138,44,46
2026-08-09 15:27:00,SENS-1009,103,49,34
2026-08-09 15:42:00,SENS-1009,110,35,36
2026-08-09 15:57:00,SENS-1009,136,52,45
2026-08-09 16:12:00,SENS-1009,270,19,100
2026-08-09 16:27:00,SENS-1009,329,13,100
2026-08-09 16:42:00,SENS-1009,375,25,100
2026-08-09 16:57:00,SENS-1009,207,11,89
2026-08-09 17:12:00,SENS-1009,135,20,45
2026-08-09 17:27:00,SENS-1009,250,19,100
2026-08-09 17:42:00,SENS-1009,188,30,62
2026-08-09 17:57:00,SENS-1009,286,13,100
2026-08-09 18:12:00,SENS-1009,258,25,86
2026-08-09 18:27:00,SENS-1009,216,13,92
2026-08-09 18:42:00,SENS-1009,288,41,96
2026-08-09 18:57:00,SENS-1009,208,40,69
2026-08-09 19:12:00,SENS-1009,196,36,65
2026-08-09 19:27:00,SENS-1009,178,29,59
2026-08-09 19:42:00,SENS-1009,220,24,73
2026-08-09 19:57:00,SENS-1009,177,46,59
2026-08-09 20:12:00,SENS-1009,104,67,34
2026-08-09 20:27:00,SENS-1009,169,63,56
2026-08-09 20:42:00,SENS-1009,126,55,42
2026-08-09 20:57:00,SENS-1009,78,45,26
2026-08-09 21:12:00,SENS-1009,103,57,34
2026-08-09 21:27:00,SENS-1009,159,52,53
2026-08-09 21:42:00,SENS-1009,71,43,23
2026-08-09 21:57:00,SENS-1009,73,37,24
2026-08-09 22:12:00,SENS-1009,113,61,37
2026-08-09 22:27:00,SENS-1009,63,72,21
2026-08-09 22:42:00,SENS-1009,107,55,35
2026-08-09 22:57:00,SENS-1009,140,75,46
2026-08-09 23:12:00,SENS-1009,52,89,17
2026-08-09 23:27:00,SENS-1009,49,72,16
2026-08-09 23:42:00,SENS-1009,57,104,19
2026-08-09 23:57:00,SENS-1009,34,95,11
2026-08-10 00:12:00,SENS-1009,49,66,16
2026-08-10 00:27:00,SENS-1009,48,66,16
2026-08-10 00:42:00,SENS-1009,24,68,8
2026-08-10 00:57:00,SENS-1009,27,93,9
2026-08-10 01:12:00,SENS-1009,42,81,14
2026-08-10 01:27:00,SENS-1009,35,69,11
2026-08-10 01:42:00,SENS-1009,25,86,8
2026-08-10 01:57:00,SENS-1009,29,63,9
2026-08-10 02:12:00,SENS-1009,15,60,5
2026-08-10 02:27:00,SENS-1009,27,67,9
2026-08-10 02:42:00,SENS-1009,56,83,18
2026-08-10 02:57:00,SENS-1009,44,76,14
2026-08-10 03:12:00,SENS-1009,49,82,16
2026-08-10 03:27:00,SENS-1009,17,77,5
2026-08-10 03:42:00,SENS-1009,12,70,4
2026-08-10 03:57:00,SENS-1009,15,76,5
2026-08-10 04:12:00,SENS-1009,19,86,6
2026-08-10 04:27:00,SENS-1009,20,64,6
2026-08-10 04:42:00,SENS-1009,17,83,5
2026-08-10 04:57:00,SENS-1009,50,73,16
2026-08-10 05:12:00,SENS-1009,38,82,12
2026-08-10 05:27:00,SENS-1009,31,74,10
2026-08-10 05:42:00,SENS-1009,30,94,10
2026-08-10 05:57:00,SENS-1009,14,68,4
2026-08-10 06:12:00,SENS-1009,61,46,20
2026-08-10 06:27:00,SENS-1009,140,54,46
2026-08-10 06:42:00,SENS-1009,113,73,37
2026-08-10 06:57:00,SENS-1009,128,68,42
2026-08-10 07:12:00,SENS-1009,181,26,60
2026-08-10 07:27:00,SENS-1009,277,23,92
2026-08-10 07:42:00,SENS-1009,258,19,100
2026-08-10 07:57:00,SENS-1009,350,36,100
2026-08-10 08:12:00,SENS-1009,257,26,85
2026-08-10 08:27:00,SENS-1009,228,14,96
2026-08-10 08:42:00,SENS-1009,129,23,43
2026-08-10 08:57:00,SENS-1009,200,19,86
2026-08-10 09:12:00,SENS-1009,176,31,58
2026-08-10 09:27:00,SENS-1009,180,16,80
2026-08-10 09:42:00,SENS-1009,238,20,79
2026-08-10 09:57:00,SENS-1009,180,20,60
2026-08-10 10:12:00,SENS-1009,70,42,23
2026-08-10 10:27:00,SENS-1009,59,31,19
2026-08-10 10:42:00,SENS-1009,46,55,15
2026-08-10 10:57:00,SENS-1009,131,38,43
2026-08-10 11:12:00,SENS-1009,109,60,36
2026-08-10 11:27:00,SENS-1009,102,40,34
2026-08-10 11:42:00,SENS-1009,95,47,31
2026-08-10 11:57:00,SENS-1009,133,55,44
2026-08-10 12:12:00,SENS-1009,68,52,22
2026-08-10 12:27:00,SENS-1009,146,64,48
2026-08-10 12:42:00,SENS-1009,94,49,31
2026-08-10 12:57:00,SENS-1009,51,63,17
2026-08-10 13:12:00,SENS-1009,73,66,24
2026-08-10 13:27:00,SENS-1009,108,48,36
2026-08-10 13:42:00,SENS-1009,91,66,30
2026-08-10 13:57:00,SENS-1009,93,66,31
2026-08-10 14:12:00,SENS-1009,90,47,30
2026-08-10 14:27:00,SENS-1009,160,44,53
2026-08-10 14:42:00,SENS-1009,145,54,48
2026-08-10 14:57:00,SENS-1009,36,60,12
2026-08-10 15:12:00,SENS-1009,98,52,32
2026-08-10 15:27:00,SENS-1009,98,49,32
2026-08-10 15:42:00,SENS-1009,96,55,32
2026-08-10 15:57:00,SENS-1009,131,58,43
2026-08-10 16:12:00,SENS-1009,256,33,85
2026-08-10 16:27:00,SENS-1009,314,16,100
2026-08-10 16:42:00,SENS-1009,223,12,94
2026-08-10 16:57:00,SENS-1009,152,14,70
2026-08-10 17:12:00,SENS-1009,187,39,62
2026-08-10 17:27:00,SENS-1009,132,26,44
2026-08-10 17:42:00,SENS-1009,152,37,50
2026-08-10 17:57:00,SENS-1009,242,24,80
2026-08-10 18:12:00,SENS-1009,340,31,100
2026-08-10 18:27:00,SENS-1009,124,30,41
2026-08-10 18:42:00,SENS-1009,122,18,60
2026-08-10 18:57:00,SENS-1009,168,31,56
2026-08-10 19:12:00,SENS-1009,182,40,60
2026-08-10 19:27:00,SENS-1009,140,23,46
2026-08-10 19:42:00,SENS-1009,286,16,100
2026-08-10 19:57:00,SENS-1009,165,22,55
2026-08-10 20:12:00,SENS-1009,73,50,24
2026-08-10 20:27:00,SENS-1009,83,66,27
2026-08-10 20:42:00,SENS-1009,74,67,24
2026-08-10 20:57:00,SENS-1009,107,42,35
2026-08-10 21:12:00,SENS-1009,144,54,48
2026-08-10 21:27:00,SENS-1009,65,61,21
2026-08-10 21:42:00,SENS-1009,71,45,23
2026-08-10 21:57:00,SENS-1009,82,43,27
2026-08-10 22:12:00,SENS-1009,106,69,35
2026-08-10 22:27:00,SENS-1009,126,60,42
2026-08-10 22:42:00,SENS-1009,47,39,15
2026-08-10 22:57:00,SENS-1009,87,64,28
2026-08-10 23:12:00,SENS-1009,45,63,15
2026-08-10 23:27:00,SENS-1009,44,74,14
2026-08-10 23:42:00,SENS-1009,41,98,13
2026-08-10 23:57:00,SENS-1009,29,89,9
2026-08-11 00:12:00,SENS-1009,13,79,4
2026-08-11 00:27:00,SENS-1009,29,77,9
2026-08-11 00:42:00,SENS-1009,47,74,15
2026-08-11 00:57:00,SENS-1009,41,81,13
2026-08-11 01:12:00,SENS-1009,26,84,8
2026-08-11 01:27:00,SENS-1009,23,63,7
2026-08-11 01:42:00,SENS-1009,27,75,9
2026-08-11 01:57:00,SENS-1009,32,69,10
2026-08-11 02:12:00,SENS-1009,32,71,10
2026-08-11 02:27:00,SENS-1009,22,73,7
2026-08-11 02:42:00,SENS-1009,54,68,18
2026-08-11 02:57:00,SENS-1009,21,57,7
2026-08-11 03:12:00,SENS-1009,38,61,12
2026-08-11 03:27:00,SENS-1009,17,92,5
2026-08-11 03:42:00,SENS-1009,34,70,11
2026-08-11 03:57:00,SENS-1009,36,84,12
2026-08-11 04:12:00,SENS-1009,19,59,6
2026-08-11 04:27:00,SENS-1009,38,68,12
2026-08-11 04:42:00,SENS-1009,54,62,18
2026-08-11 04:57:00,SENS-1009,39,64,13
2026-08-11 05:12:00,SENS-1009,33,89,11
2026-08-11 05:27:00,SENS-1009,18,69,6
2026-08-11 05:42:00,SENS-1009,30,80,10
2026-08-11 05:57:00,SENS-1009,19,92,6
2026-08-11 06:12:00,SENS-1009,148,57,49
2026-08-11 06:27:00,SENS-1009,137,63,45
2026-08-11 06:42:00,SENS-1009,92,54,30
2026-08-11 06:57:00,SENS-1009,153,44,51
2026-08-11 07:12:00,SENS-1009,246,27,82
2026-08-11 07:27:00,SENS-1009,212,36,70
2026-08-11 07:42:00,SENS-1009,157,23,52
2026-08-11 07:57:00,SENS-1009,187,18,82
2026-08-11 08:12:00,SENS-1009,299,25,99
2026-08-11 08:27:00,SENS-1009,240,35,80
2026-08-11 08:42:00,SENS-1009,294,31,98
2026-08-11 08:57:00,SENS-1009,239,33,79
2026-08-11 09:12:00,SENS-1009,144,24,48
2026-08-11 09:27:00,SENS-1009,328,11,100
2026-08-11 09:42:00,SENS-1009,209,25,69
2026-08-11 09:57:00,SENS-1009,178,39,59
2026-08-11 10:12:00,SENS-1009,108,43,36
2026-08-11 10:27:00,SENS-1009,64,61,21
2026-08-11 10:42:00,SENS-1009,161,45,53
2026-08-11 10:57:00,SENS-1009,50,48,16
2026-08-11 11:12:00,SENS-1009,144,45,48
2026-08-11 11:27:00,SENS-1009,147,71,49
2026-08-11 11:42:00,SENS-1009,138,39,46
2026-08-11 11:57:00,SENS-1009,164,49,54
2026-08-11 12:12:00,SENS-1009,155,63,51
2026-08-11 12:27:00,SENS-1009,146,62,48
2026-08-11 12:42:00,SENS-1009,110,79,36
2026-08-11 12:57:00,SENS-1009,129,63,43
2026-08-11 13:12:00,SENS-1009,76,74,25
2026-08-11 13:27:00,SENS-1009,123,57,41
2026-08-11 13:42:00,SENS-1009,107,41,35
2026-08-11 13:57:00,SENS-1009,99,51,33
2026-08-11 14:12:00,SENS-1009,194,63,64
2026-08-11 14:27:00,SENS-1009,92,68,30
2026-08-11 14:42:00,SENS-1009,90,48,30
2026-08-11 14:57:00,SENS-1009,97,48,32
2026-08-11 15:12:00,SENS-1009,128,48,42
2026-08-11 15:27:00,SENS-1009,140,63,46
2026-08-11 15:42:00,SENS-1009,144,58,48
2026-08-11 15:57:00,SENS-1009,130,67,43
2026-08-11 16:12:00,SENS-1009,359,20,100
2026-08-11 16:27:00,SENS-1009,224,19,94
2026-08-11 16:42:00,SENS-1009,248,21,82
2026-08-11 16:57:00,SENS-1009,274,22,91
2026-08-11 17:12:00,SENS-1009,215,36,71
2026-08-11 17:27:00,SENS-1009,166,24,55
2026-08-11 17:42:00,SENS-1009,168,12,76
2026-08-11 17:57:00,SENS-1009,339,25,100
2026-08-11 18:12:00,SENS-1009,260,38,86
2026-08-11 18:27:00,SENS-1009,199,27,66
2026-08-11 18:42:00,SENS-1009,184,15,81
2026-08-11 18:57:00,SENS-1009,245,38,81
2026-08-11 19:12:00,SENS-1009,285,19,100
2026-08-11 19:27:00,SENS-1009,240,36,80
2026-08-11 19:42:00,SENS-1009,190,29,63
2026-08-11 19:57:00,SENS-1009,233,35,77
2026-08-11 20:12:00,SENS-1009,95,37,31
2026-08-11 20:27:00,SENS-1009,67,53,22
2026-08-11 20:42:00,SENS-1009,49,49,16
2026-08-11 20:57:00,SENS-1009,122,66,40
2026-08-11 21:12:00,SENS-1009,158,45,52
2026-08-11 21:27:00,SENS-1009,137,76,45
2026-08-11 21:42:00,SENS-1009,74,62,24
2026-08-11 21:57:00,SENS-1009,61,72,20
2026-08-11 22:12:00,SENS-1009,64,55,21
2026-08-11 22:27:00,SENS-1009,97,43,32
2026-08-11 22:42:00,SENS-1009,99,52,33
2026-08-11 22:57:00,SENS-1009,64,58,21
2026-08-11 23:12:00,SENS-1009,14,80,4
2026-08-11 23:27:00,SENS-1009,25,79,8
2026-08-11 23:42:00,SENS-1009,12,70,4
2026-08-11 23:57:00,SENS-1009,36,59,12
2026-08-12 00:12:00,SENS-1009,26,86,8
2026-08-12 00:27:00,SENS-1009,44,61,14
2026-08-12 00:42:00,SENS-1009,29,61,9
2026-08-12 00:57:00,SENS-1009,13,83,4
2026-08-12 01:12:00,SENS-1009,35,63,11
2026-08-12 01:27:00,SENS-1009,16,56,5
2026-08-12 01:42:00,SENS-1009,29,69,9
2026-08-12 01:57:00,SENS-1009,9,69,3
2026-08-12 02:12:00,SENS-1009,13,77,4
2026-08-12 02:27:00,SENS-1009,39,86,13
2026-08-12 02:42:00,SENS-1009,19,66,6
2026-08-12 02:57:00,SENS-1009,20,87,6
2026-08-12 03:12:00,SENS-1009,19,61,6
2026-08-12 03:27:00,SENS-1009,20,70,6
2026-08-12 03:42:00,SENS-1009,37,69,12
2026-08-12 03:57:00,SENS-1009,35,85,11
2026-08-12 04:12:00,SENS-1009,24,82,8
2026-08-12 04:27:00,SENS-1009,26,81,8
2026-08-12 04:42:00,SENS-1009,21,61,7
2026-08-12 04:57:00,SENS-1009,43,69,14
2026-08-12 05:12:00,SENS-1009,10,65,3
2026-08-12 05:27:00,SENS-1009,15,61,5
2026-08-12 05:42:00,SENS-1009,11,87,3
2026-08-12 05:57:00,SENS-1009,16,61,5
2026-08-12 06:12:00,SENS-1009,137,40,45
2026-08-12 06:27:00,SENS-1009,93,54,31
2026-08-12 06:42:00,SENS-1009,32,64,10
2026-08-12 06:57:00,SENS-1009,110,35,36
2026-08-12 07:12:00,SENS-1009,168,32,56
2026-08-12 07:27:00,SENS-1009,150,17,70
2026-08-12 07:42:00,SENS-1009,202,35,67
2026-08-12 07:57:00,SENS-1009,162,16,74
2026-08-12 08:12:00,SENS-1009,191,18,83
2026-08-12 08:27:00,SENS-1009,285,18,100
2026-08-12 08:42:00,SENS-1009,265,19,100
2026-08-12 08:57:00,SENS-1009,322,19,100
2026-08-12 09:12:00,SENS-1009,171,14,76
2026-08-12 09:27:00,SENS-1009,320,23,100
2026-08-12 09:42:00,SENS-1009,199,15,86
2026-08-12 09:57:00,SENS-1009,182,29,60
2026-08-12 10:12:00,SENS-1009,84,58,28
2026-08-12 10:27:00,SENS-1009,159,60,53
2026-08-12 10:42:00,SENS-1009,164,52,54
2026-08-12 10:57:00,SENS-1009,83,77,27
2026-08-12 11:12:00,SENS-1009,147,80,49
2026-08-12 11:27:00,SENS-1009,47,35,15
2026-08-12 11:42:00,SENS-1009,135,45,45
2026-08-12 11:57:00,SENS-1009,96,53,32
2026-08-12 12:12:00,SENS-1009,81,69,27
2026-08-12 12:27:00,SENS-1009,72,45,24
2026-08-12 12:42:00,SENS-1009,64,57,21
2026-08-12 12:57:00,SENS-1009,107,68,35
2026-08-12 13:12:00,SENS-1009,54,54,18
2026-08-12 13:27:00,SENS-1009,104,48,34
2026-08-12 13:42:00,SENS-1009,78,50,26
2026-08-12 13:57:00,SENS-1009,131,47,43
2026-08-12 14:12:00,SENS-1009,137,62,45
2026-08-12 14:27:00,SENS-1009,68,43,22
2026-08-12 14:42:00,SENS-1009,104,70,34
2026-08-12 14:57:00,SENS-1009,184,59,61
2026-08-12 15:12:00,SENS-1009,111,46,37
2026-08-12 15:27:00,SENS-1009,103,40,34
2026-08-12 15:42:00,SENS-1009,169,70,56
2026-08-12 15:57:00,SENS-1009,59,72,19
2026-08-12 16:12:00,SENS-1009,174,34,57
2026-08-12 16:27:00,SENS-1009,191,24,63
2026-08-12 16:42:00,SENS-1009,294,26,98
2026-08-12 16:57:00,SENS-1009,149,16,69
2026-08-12 17:12:00,SENS-1009,175,18,78
2026-08-12 17:27:00,SENS-1009,103,19,54
2026-08-12 17:42:00,SENS-1009,333,22,100
2026-08-12 17:57:00,SENS-1009,229,36,76
2026-08-12 18:12:00,SENS-1009,161,21,53
2026-08-12 18:27:00,SENS-1009,241,22,80
2026-08-12 18:42:00,SENS-1009,186,38,62
2026-08-12 18:57:00,SENS-1009,112,24,37
2026-08-12 19:12:00,SENS-1009,308,42,100
2026-08-12 19:27:00,SENS-1009,311,11,100
2026-08-12 19:42:00,SENS-1009,170,16,76
2026-08-12 19:57:00,SENS-1009,185,38,61
2026-08-12 20:12:00,SENS-1009,107,42,35
2026-08-12 20:27:00,SENS-1009,150,57,50
2026-08-12 20:42:00,SENS-1009,57,62,19
2026-08-12 20:57:00,SENS-1009,103,56,34
2026-08-12 21:12:00,SENS-1009,109,69,36
2026-08-12 21:27:00,SENS-1009,81,53,27
2026-08-12 21:42:00,SENS-1009,61,59,20
2026-08-12 21:57:00,SENS-1009,108,44,36
2026-08-12 22:12:00,SENS-1009,97,46,32
2026-08-12 22:27:00,SENS-1009,64,65,21
2026-08-12 22:42:00,SENS-1009,94,68,31
2026-08-12 22:57:00,SENS-1009,66,40,22
2026-08-12 23:12:00,SENS-1009,34,58,11
2026-08-12 23:27:00,SENS-1009,36,79,12
2026-08-12 23:42:00,SENS-1009,53,90,17
2026-08-12 23:57:00,SENS-1009,41,90,13
2026-08-13 00:12:00,SENS-1009,29,76,9
2026-08-13 00:27:00,SENS-1009,20,78,6
2026-08-13 00:42:00,SENS-1009,30,54,10
2026-08-13 00:57:00,SENS-1009,31,69,10
2026-08-13 01:12:00,SENS-1009,39,77,13
2026-08-13 01:27:00,SENS-1009,21,84,7
2026-08-13 01:42:00,SENS-1009,42,82,14
2026-08-13 01:57:00,SENS-1009,12,63,4
2026-08-13 02:12:00,SENS-1009,8,61,2
2026-08-13 02:27:00,SENS-1009,12,76,4
2026-08-13 02:42:00,SENS-1009,26,80,8
2026-08-13 02:57:00,SENS-1009,44,74,14
2026-08-13 03:12:00,SENS-1009,48,84,16
2026-08-13 03:27:00,SENS-1009,64,72,21
2026-08-13 03:42:00,SENS-1009,32,96,10
2026-08-13 03:57:00,SENS-1009,40,89,13
2026-08-13 04:12:00,SENS-1009,46,84,15
2026-08-13 04:27:00,SENS-1009,19,80,6
2026-08-13 04:42:00,SENS-1009,10,71,3
2026-08-13 04:57:00,SENS-1009,11,105,3
2026-08-13 05:12:00,SENS-1009,24,82,8
2026-08-13 05:27:00,SENS-1009,51,96,17
2026-08-13 05:42:00,SENS-1009,64,80,21
2026-08-13 05:57:00,SENS-1009,9,85,3
2026-08-13 06:12:00,SENS-1009,53,43,17
2026-08-13 06:27:00,SENS-1009,105,40,35
2026-08-13 06:42:00,SENS-1009,78,51,26
2026-08-13 06:57:00,SENS-1009,119,66,39
2026-08-13 07:12:00,SENS-1009,166,23,55
2026-08-13 07:27:00,SENS-1009,213,19,91
2026-08-13 07:42:00,SENS-1009,260,24,86
2026-08-13 07:57:00,SENS-1009,149,11,69
2026-08-13 08:12:00,SENS-1009,180,15,80
2026-08-13 08:27:00,SENS-1009,246,28,82
2026-08-13 08:42:00,SENS-1009,105,10,55
2026-08-13 08:57:00,SENS-1009,131,32,43
2026-08-13 09:12:00,SENS-1009,211,13,90
2026-08-13 09:27:00,SENS-1009,227,13,95
2026-08-13 09:42:00,SENS-1009,136,29,45
2026-08-13 09:57:00,SENS-1009,272,14,100
2026-08-13 10:12:00,SENS-1009,106,53,35
2026-08-13 10:27:00,SENS-1009,96,75,32
2026-08-13 10:42:00,SENS-1009,134,50,44
2026-08-13 10:57:00,SENS-1009,123,42,41
2026-08-13 11:12:00,SENS-1009,161,51,53
2026-08-13 11:27:00,SENS-1009,158,55,52
2026-08-13 11:42:00,SENS-1009,154,62,51
2026-08-13 11:57:00,SENS-1009,108,64,36
2026-08-13 12:12:00,SENS-1009,78,45,26
2026-08-13 12:27:00,SENS-1009,90,58,30
2026-08-13 12:42:00,SENS-1009,54,53,18
2026-08-13 12:57:00,SENS-1009,53,54,17
2026-08-13 13:12:00,SENS-1009,126,59,42
2026-08-13 13:27:00,SENS-1009,168,40,56
2026-08-13 13:42:00,SENS-1009,139,32,46
2026-08-13 13:57:00,SENS-1009,100,70,33
2026-08-13 14:12:00,SENS-1009,93,64,31
2026-08-13 14:27:00,SENS-1009,88,54,29
2026-08-13 14:42:00,SENS-1009,91,38,30
2026-08-13 14:57:00,SENS-1009,50,67,16
2026-08-13 15:12:00,SENS-1009,112,70,37
2026-08-13 15:27:00,SENS-1009,81,51,27
2026-08-13 15:42:00,SENS-1009,97,62,32
2026-08-13 15:57:00,SENS-1009,95,74,31
2026-08-13 16:12:00,SENS-1009,210,31,70
2026-08-13 16:27:00,SENS-1009,202,34,67
2026-08-13 16:42:00,SENS-1009,204,25,68
2026-08-13 16:57:00,SENS-1009,311,32,100
2026-08-13 17:12:00,SENS-1009,342,25,100
2026-08-13 17:27:00,SENS-1009,239,30,79
2026-08-13 17:42:00,SENS-1009,232,34,77
2026-08-13 17:57:00,SENS-1009,320,40,100
2026-08-13 18:12:00,SENS-1009,184,23,61
2026-08-13 18:27:00,SENS-1009,268,32,89
2026-08-13 18:42:00,SENS-1009,196,29,65
2026-08-13 18:57:00,SENS-1009,229,33,76
2026-08-13 19:12:00,SENS-1009,220,20,73
2026-08-13 19:27:00,SENS-1009,289,28,96
2026-08-13 19:42:00,SENS-1009,218,41,72
2026-08-13 19:57:00,SENS-1009,440,23,100
2026-08-13 20:12:00,SENS-1009,78,61,26
2026-08-13 20:27:00,SENS-1009,97,59,32
2026-08-13 20:42:00,SENS-1009,98,74,32
2026-08-13 20:57:00,SENS-1009,93,68,31
2026-08-13 21:12:00,SENS-1009,89,40,29
2026-08-13 21:27:00,SENS-1009,68,62,22
2026-08-13 21:42:00,SENS-1009,77,68,25
2026-08-13 21:57:00,SENS-1009,101,48,33
2026-08-13 22:12:00,SENS-1009,84,43,28
2026-08-13 22:27:00,SENS-1009,49,60,16
2026-08-13 22:42:00,SENS-1009,66,42,22
2026-08-13 22:57:00,SENS-1009,96,36,32
2026-08-13 23:12:00,SENS-1009,47,97,15
2026-08-13 23:27:00,SENS-1009,7,64,2
2026-08-13 23:42:00,SENS-1009,21,84,7
2026-08-13 23:57:00,SENS-1009,16,71,5
2026-08-14 00:12:00,SENS-1009,8,62,2
2026-08-14 00:27:00,SENS-1009,54,87,18
2026-08-14 00:42:00,SENS-1009,20,84,6
2026-08-14 00:57:00,SENS-1009,46,72,15
2026-08-14 01:12:00,SENS-1009,48,78,16
2026-08-14 01:27:00,SENS-1009,20,78,6
2026-08-14 01:42:00,SENS-1009,40,58,13
2026-08-14 01:57:00,SENS-1009,48,81,16
2026-08-14 02:12:00,SENS-1009,28,78,9
2026-08-14 02:27:00,SENS-1009,37,59,12
2026-08-14 02:42:00,SENS-1009,53,82,17
2026-08-14 02:57:00,SENS-1009,41,84,13
2026-08-14 03:12:00,SENS-1009,27,65,9
2026-08-14 03:27:00,SENS-1009,28,71,9
2026-08-14 03:42:00,SENS-1009,28,80,9
2026-08-14 03:57:00,SENS-1009,9,69,3
2026-08-14 04:12:00,SENS-1009,25,77,8
2026-08-14 04:27:00,SENS-1009,23,65,7
2026-08-14 04:42:00,SENS-1009,45,67,15
2026-08-14 04:57:00,SENS-1009,36,77,12
2026-08-14 05:12:00,SENS-1009,29,66,9
2026-08-14 05:27:00,SENS-1009,11,65,3
2026-08-14 05:42:00,SENS-1009,10,68,3
2026-08-14 05:57:00,SENS-1009,50,95,16
2026-08-14 06:12:00,SENS-1009,116,50,38
2026-08-14 06:27:00,SENS-1009,67,50,22
2026-08-14 06:42:00,SENS-1009,83,53,27
2026-08-14 06:57:00,SENS-1009,87,55,28
2026-08-14 07:12:00,SENS-1009,237,12,99
2026-08-14 07:27:00,SENS-1009,293,16,100
2026-08-14 07:42:00,SENS-1009,208,20,69
2026-08-14 07:57:00,SENS-1009,195,26,65
2026-08-14 08:12:00,SENS-1009,305,37,100
2026-08-14 08:27:00,SENS-1009,144,23,48
2026-08-14 08:42:00,SENS-1009,207,29,69
2026-08-14 08:57:00,SENS-1009,221,48,73
2026-08-14 09:12:00,SENS-1009,118,16,59
2026-08-14 09:27:00,SENS-1009,155,35,51
2026-08-14 09:42:00,SENS-1009,137,21,45
2026-08-14 09:57:00,SENS-1009,194,35,64
2026-08-14 10:12:00,SENS-1009,54,55,18
2026-08-14 10:27:00,SENS-1009,131,50,43
2026-08-14 10:42:00,SENS-1009,192,44,64
2026-08-14 10:57:00,SENS-1009,84,45,28
2026-08-14 11:12:00,SENS-1009,99,71,33
2026-08-14 11:27:00,SENS-1009,74,45,24
2026-08-14 11:42:00,SENS-1009,142,50,47
2026-08-14 11:57:00,SENS-1009,42,77,14
2026-08-14 12:12:00,SENS-1009,81,84,27
2026-08-14 12:27:00,SENS-1009,128,69,42
2026-08-14 12:42:00,SENS-1009,165,43,55
2026-08-14 12:57:00,SENS-1009,93,41,31
2026-08-14 13:12:00,SENS-1009,67,59,22
2026-08-14 13:27:00,SENS-1009,82,50,27
2026-08-14 13:42:00,SENS-1009,93,42,31
2026-08-14 13:57:00,SENS-1009,119,54,39
2026-08-14 14:12:00,SENS-1009,99,47,33
2026-08-14 14:27:00,SENS-1009,74,34,24
2026-08-14 14:42:00,SENS-1009,96,45,32
2026-08-14 14:57:00,SENS-1009,45,44,15
2026-08-14 15:12:00,SENS-1009,81,42,27
2026-08-14 15:27:00,SENS-1009,85,38,28
2026-08-14 15:42:00,SENS-1009,108,72,36
2026-08-14 15:57:00,SENS-1009,72,59,24
2026-08-14 16:12:00,SENS-1009,239,28,79
2026-08-14 16:27:00,SENS-1009,199,21,66
2026-08-14 16:42:00,SENS-1009,133,14,64
2026-08-14 16:57:00,SENS-1009,162,23,54
2026-08-14 17:12:00,SENS-1009,315,13,100
2026-08-14 17:27:00,SENS-1009,115,24,38
2026-08-14 17:42:00,SENS-1009,160,36,53
2026-08-14 17:57:00,SENS-1009,291,21,97
2026-08-14 18:12:00,SENS-1009,183,20,61
2026-08-14 18:27:00,SENS-1009,219,32,73
2026-08-14 18:42:00,SENS-1009,180,36,60
2026-08-14 18:57:00,SENS-1009,210,13,90
2026-08-14 19:12:00,SENS-1009,234,33,78
2026-08-14 19:27:00,SENS-1009,259,35,86
2026-08-14 19:42:00,SENS-1009,141,32,47
2026-08-14 19:57:00,SENS-1009,251,19,100
